id,name,season,raptor_offense,raptor_defense,raptor_total,war_total,createdAt,updatedAt
1,"Alex Abrines",2017,0.543421,-1.14483,-0.601411,1.24901,NULL,NULL
2,"Alex Abrines",2018,-0.0208259,-1.50264,-1.52347,0.777304,NULL,NULL
3,"Alex Abrines",2019,-4.04016,1.88562,-2.15454,0.178167,NULL,NULL
4,"Quincy Acy",2014,-1.56526,-0.216477,-1.78173,0.415918,NULL,NULL
5,"Quincy Acy",2015,-2.45606,-0.420948,-2.87701,-0.0833126,NULL,NULL
6,"Quincy Acy",2016,-0.58754,0.353933,-0.233607,1.12348,NULL,NULL
7,"Quincy Acy",2017,-0.34363,0.57615,0.23252,0.835632,NULL,NULL
8,"Quincy Acy",2018,-2.20818,-0.658814,-2.867,-0.0812323,NULL,NULL
9,"Quincy Acy",2019,-5.58174,4.96901,-0.612733,0.135231,NULL,NULL
10,"Jaylen Adams",2019,-2.37764,-3.73473,-6.11237,-0.733513,NULL,NULL
11,"Jordan Adams",2015,2.09589,0.518038,2.61393,0.715005,NULL,NULL
12,"Jordan Adams",2016,-7.73448,1.41773,-6.31674,-0.0281017,NULL,NULL
13,"Steven Adams",2014,-1.47731,-0.300116,-1.77742,0.741984,NULL,NULL
14,"Steven Adams",2015,-1.85991,1.9726,0.112691,2.56943,NULL,NULL
15,"Steven Adams",2016,1.30503,4.15791,5.46294,10.7113,NULL,NULL
16,"Steven Adams",2017,-1.62602,1.77221,0.146187,3.77586,NULL,NULL
17,"Steven Adams",2018,1.4676,1.1402,2.6078,7.34143,NULL,NULL
18,"Steven Adams",2019,-0.0717502,1.87502,1.80327,6.60145,NULL,NULL
19,"Bam Adebayo",2018,-2.21937,1.03946,-1.17992,1.17212,NULL,NULL
20,"Bam Adebayo",2019,-1.87531,2.67601,0.800702,3.45122,NULL,NULL
21,"Deng Adel",2019,-6.33371,0.558883,-5.77483,-0.295886,NULL,NULL
22,"Jeff Adrien",2014,0.164666,-2.1042,-1.93953,0.391858,NULL,NULL
23,"Jeff Adrien",2015,-1.04161,0.917083,-0.124531,0.288294,NULL,NULL
24,"Arron Afflalo",2014,1.22426,-3.02319,-1.79893,1.2319,NULL,NULL
25,"Arron Afflalo",2015,-0.985917,-1.67315,-2.65907,0.0979402,NULL,NULL
26,"Arron Afflalo",2016,-0.62541,-2.48134,-3.10675,-0.42446,NULL,NULL
27,"Arron Afflalo",2017,-1.25249,-4.75729,-6.00978,-2.59303,NULL,NULL
28,"Arron Afflalo",2018,-2.85896,-1.52403,-4.38299,-0.562243,NULL,NULL
29,"Alexis Ajinca",2014,-2.05461,-0.753445,-2.80805,-0.0281024,NULL,NULL
30,"Alexis Ajinca",2015,-0.397201,1.37558,0.978375,1.83751,NULL,NULL
31,"Alexis Ajinca",2016,-3.44406,1.29157,-2.15249,0.262838,NULL,NULL
32,"Alexis Ajinca",2017,-4.43674,1.22984,-3.2069,-0.136315,NULL,NULL
33,"DeVaughn Akoon-Purcell",2019,-2.2295,-1.01984,-3.24934,-0.00555558,NULL,NULL
34,"Furkan Aldemir",2015,-0.318228,-1.66192,-1.98015,0.212165,NULL,NULL
35,"Cole Aldrich",2014,-0.508187,3.8967,3.38851,1.02874,NULL,NULL
36,"Cole Aldrich",2015,-2.78805,1.45964,-1.3284,0.709717,NULL,NULL
37,"Cole Aldrich",2016,-1.3407,2.88413,1.54342,1.93626,NULL,NULL
38,"Cole Aldrich",2017,-2.04038,-0.173789,-2.21417,0.144465,NULL,NULL
39,"Cole Aldrich",2018,-6.29476,-4.68028,-10.975,-0.205863,NULL,NULL
40,"LaMarcus Aldridge",2014,1.43352,2.32636,3.75987,9.74602,NULL,NULL
41,"LaMarcus Aldridge",2015,2.27844,1.63771,3.91615,9.15279,NULL,NULL
42,"LaMarcus Aldridge",2016,0.982099,1.61641,2.59851,7.05947,NULL,NULL
43,"LaMarcus Aldridge",2017,-1.39337,1.05297,-0.34039,3.43714,NULL,NULL
44,"LaMarcus Aldridge",2018,2.59819,1.37344,3.97163,9.07682,NULL,NULL
45,"LaMarcus Aldridge",2019,0.648586,1.41426,2.06285,7.13753,NULL,NULL
46,"Cliff Alexander",2016,-6.35491,2.89818,-3.45672,-0.0128892,NULL,NULL
47,"Rawle Alkins",2019,-3.53844,-2.16188,-5.70032,-0.180514,NULL,NULL
48,"Grayson Allen",2019,-4.7881,-5.54903,-10.3371,-1.67976,NULL,NULL
49,"Jarrett Allen",2018,-2.92416,-1.13053,-4.05469,-0.956237,NULL,NULL
50,"Jarrett Allen",2019,-1.50667,-3.07132,-4.57799,-2.06664,NULL,NULL
51,"Kadeem Allen",2018,-6.3793,-1.26356,-7.64286,-0.26844,NULL,NULL
52,"Kadeem Allen",2019,2.07814,-1.0238,1.05434,0.801391,NULL,NULL
53,"Lavoy Allen",2014,-2.71048,-0.316684,-3.02716,-0.152262,NULL,NULL
54,"Lavoy Allen",2015,-0.407117,1.64825,1.24113,2.16489,NULL,NULL
55,"Lavoy Allen",2016,-0.763858,-0.42744,-1.1913,1.28823,NULL,NULL
56,"Lavoy Allen",2017,-0.708103,-0.571198,-1.2793,0.658282,NULL,NULL
57,"Ray Allen",2014,1.77213,-1.56944,0.202686,3.75018,NULL,NULL
58,"Tony Allen",2014,0.567375,2.31253,2.8799,4.401,NULL,NULL
59,"Tony Allen",2015,-0.38877,4.7866,4.39783,7.11315,NULL,NULL
60,"Tony Allen",2016,-0.987827,1.69972,0.711889,3.04547,NULL,NULL
61,"Tony Allen",2017,-0.714337,2.2202,1.50586,4.14843,NULL,NULL
62,"Tony Allen",2018,-2.36101,-0.614849,-2.97586,-0.0317652,NULL,NULL
63,"Al-Farouq Aminu",2014,-1.32969,0.471508,-0.858179,1.96633,NULL,NULL
64,"Al-Farouq Aminu",2015,0.0939734,2.93449,3.02846,4.48919,NULL,NULL
65,"Al-Farouq Aminu",2016,-0.361509,1.17491,0.813401,5.01692,NULL,NULL
66,"Al-Farouq Aminu",2017,-2.17082,3.378,1.20719,3.8029,NULL,NULL
67,"Al-Farouq Aminu",2018,-0.605352,2.09226,1.48691,4.75926,NULL,NULL
68,"Al-Farouq Aminu",2019,0.299846,0.636138,0.935984,5.02589,NULL,NULL
69,"Lou Amundson",2014,-4.89698,-0.561729,-5.45871,-0.241764,NULL,NULL
70,"Lou Amundson",2015,-3.3192,2.17757,-1.14164,0.77991,NULL,NULL
71,"Lou Amundson",2016,-5.49358,2.34872,-3.14486,-0.0412341,NULL,NULL
72,"Alan Anderson",2014,-0.918987,-0.0659368,-0.984924,1.82665,NULL,NULL
73,"Alan Anderson",2015,-0.272067,1.47022,1.19815,3.82792,NULL,NULL
74,"Alan Anderson",2016,0.724463,-2.81499,-2.09053,0.0645958,NULL,NULL
75,"Alan Anderson",2017,-1.81343,-5.49234,-7.30577,-0.710221,NULL,NULL
76,"Chris Andersen",2014,0.492893,2.26892,2.76181,4.84927,NULL,NULL
77,"Chris Andersen",2015,-1.62634,-0.0814518,-1.70779,0.600827,NULL,NULL
78,"Chris Andersen",2016,-0.14805,-0.464203,-0.612252,0.526616,NULL,NULL
79,"Chris Andersen",2017,-2.21829,0.912268,-1.30602,0.0847468,NULL,NULL
80,"James Anderson",2014,-1.96879,-1.39447,-3.36326,-0.728275,NULL,NULL
81,"James Anderson",2016,-3.59859,0.850105,-2.74848,0.000560113,NULL,NULL
82,"Justin Anderson",2016,-1.4462,0.200054,-1.24614,0.610282,NULL,NULL
83,"Justin Anderson",2017,-1.20182,-0.821813,-2.02363,0.451297,NULL,NULL
84,"Justin Anderson",2018,-1.16346,-0.326328,-1.48979,0.353192,NULL,NULL
85,"Justin Anderson",2019,-2.6072,0.109253,-2.49794,0.0600243,NULL,NULL
86,"Kyle Anderson",2015,-3.785,-2.69106,-6.47606,-0.673229,NULL,NULL
87,"Kyle Anderson",2016,-1.8712,0.335056,-1.53614,0.842851,NULL,NULL
88,"Kyle Anderson",2017,-0.692661,2.53378,1.84112,2.85515,NULL,NULL
89,"Kyle Anderson",2018,-0.306725,3.02029,2.71357,5.71308,NULL,NULL
90,"Kyle Anderson",2019,-2.0379,2.2217,0.183797,1.90469,NULL,NULL
91,"Ryan Anderson",2014,3.90464,-3.25788,0.646758,1.36728,NULL,NULL
92,"Ryan Anderson",2015,1.74788,-1.69329,0.0545967,2.52888,NULL,NULL
93,"Ryan Anderson",2016,1.97141,0.294976,2.26639,5.15137,NULL,NULL
94,"Ryan Anderson",2017,0.685241,-0.441394,0.243847,3.74371,NULL,NULL
95,"Ryan Anderson",2018,-0.0752398,0.176853,0.101613,2.65248,NULL,NULL
96,"Ryan Anderson",2019,-3.32983,-1.81233,-5.14216,-0.390995,NULL,NULL
97,"Ike Anigbogu",2018,-0.259622,-12.9656,-13.2252,-0.160588,NULL,NULL
98,"Ike Anigbogu",2019,-22.4488,-30.1591,-52.6079,-0.156443,NULL,NULL
99,"Giannis Antetokounmpo",2014,-1.14121,0.233401,-0.907813,1.78403,NULL,NULL
100,"Giannis Antetokounmpo",2015,-0.802796,-0.358579,-1.16137,2.21148,NULL,NULL
101,"Giannis Antetokounmpo",2016,0.757931,-0.22835,0.529581,4.70774,NULL,NULL
102,"Giannis Antetokounmpo",2017,2.77729,2.45983,5.23712,12.5597,NULL,NULL
103,"Giannis Antetokounmpo",2018,3.30536,2.2435,5.54886,12.9094,NULL,NULL
104,"Giannis Antetokounmpo",2019,3.88145,2.92507,6.80652,14.2699,NULL,NULL
105,"Kostas Antetokounmpo",2019,-14.3128,24.4432,10.1304,0.0731673,NULL,NULL
106,"Thanasis Antetokounmpo",2016,11.4355,-19.0222,-7.58675,-0.0148245,NULL,NULL
107,"Carmelo Anthony",2014,4.1749,-0.390214,3.78469,9.861,NULL,NULL
108,"Carmelo Anthony",2015,3.75197,-2.46196,1.29001,2.92421,NULL,NULL
109,"Carmelo Anthony",2016,3.45181,-2.74051,0.711304,4.45637,NULL,NULL
110,"Carmelo Anthony",2017,1.92927,-3.10711,-1.17785,2.03233,NULL,NULL
111,"Carmelo Anthony",2018,0.954832,-1.74408,-0.789247,2.68701,NULL,NULL
112,"Carmelo Anthony",2019,-2.50643,-2.62839,-5.13483,-0.357081,NULL,NULL
113,"Joel Anthony",2014,-4.38498,-0.429848,-4.81482,-0.194876,NULL,NULL
114,"Joel Anthony",2015,-2.5502,1.86408,-0.68612,0.424557,NULL,NULL
115,"Joel Anthony",2016,-2.6428,-3.15528,-5.79808,-0.14876,NULL,NULL
116,"Joel Anthony",2017,-5.4855,1.25702,-4.22848,-0.103014,NULL,NULL
117,"Pero Antic",2014,-1.21397,0.69987,-0.514098,1.2971,NULL,NULL
118,"Pero Antic",2015,-1.34654,1.26022,-0.0863222,1.70013,NULL,NULL
119,"OG Anunoby",2018,-0.695459,1.41325,0.717796,3.05108,NULL,NULL
120,"OG Anunoby",2019,-3.34948,-0.29794,-3.64742,-0.620125,NULL,NULL
121,"Keith Appling",2016,-11.1632,6.69267,-4.47051,-0.0241516,NULL,NULL
122,"Ryan Arcidiacono",2018,-2.85878,-0.85697,-3.71575,-0.149062,NULL,NULL
123,"Ryan Arcidiacono",2019,-0.0910555,-0.403091,-0.494146,2.22707,NULL,NULL
124,"Trevor Ariza",2014,1.21329,0.933668,2.14696,8.03479,NULL,NULL
125,"Trevor Ariza",2015,0.197131,1.42471,1.62184,7.99388,NULL,NULL
126,"Trevor Ariza",2016,0.185511,-0.93006,-0.744548,3.10384,NULL,NULL
127,"Trevor Ariza",2017,0.888594,0.370377,1.25897,6.49031,NULL,NULL
128,"Trevor Ariza",2018,0.15596,-0.581981,-0.426021,3.40658,NULL,NULL
129,"Trevor Ariza",2019,-0.217655,-1.97848,-2.19614,0.659834,NULL,NULL
130,"Hilton Armstrong",2014,-1.61823,-3.09817,-4.7164,-0.095479,NULL,NULL
131,"Metta World Peace",2014,-1.23933,2.64705,1.40772,0.82004,NULL,NULL
132,"Metta World Peace",2016,-2.54853,0.278147,-2.27039,0.143345,NULL,NULL
133,"Metta World Peace",2017,-5.39463,-2.32837,-7.72301,-0.406417,NULL,NULL
134,"Darrell Arthur",2014,-3.62898,1.88904,-1.73995,0.60167,NULL,NULL
135,"Darrell Arthur",2015,-3.29892,4.65776,1.35884,2.09023,NULL,NULL
136,"Darrell Arthur",2016,-1.88356,1.76415,-0.119412,2.03882,NULL,NULL
137,"Darrell Arthur",2017,-1.50569,-0.656799,-2.16249,0.192896,NULL,NULL
138,"Darrell Arthur",2018,-5.42154,-4.14198,-9.56352,-0.498596,NULL,NULL
139,"Jamel Artis",2018,-3.84858,-3.39157,-7.24015,-0.632604,NULL,NULL
140,"Omer Asik",2014,-2.29221,1.95979,-0.332422,1.39699,NULL,NULL
141,"Omer Asik",2015,-2.01862,2.47022,0.451602,3.34271,NULL,NULL
142,"Omer Asik",2016,-3.45565,-0.543305,-3.99896,-0.748588,NULL,NULL
143,"Omer Asik",2017,-4.18541,-1.41677,-5.60217,-0.699296,NULL,NULL
144,"Omer Asik",2018,-6.32163,-1.61664,-7.93827,-0.485444,NULL,NULL
145,"D.J. Augustin",2014,2.00362,-2.12958,-0.125958,2.74639,NULL,NULL
146,"D.J. Augustin",2015,-0.19394,-1.53052,-1.72446,1.02244,NULL,NULL
147,"D.J. Augustin",2016,1.05285,-2.91064,-1.85779,0.538689,NULL,NULL
148,"D.J. Augustin",2017,-2.19006,-4.16098,-6.35103,-2.79834,NULL,NULL
149,"D.J. Augustin",2018,0.407657,-0.489579,-0.0819217,2.38419,NULL,NULL
150,"D.J. Augustin",2019,2.25834,-2.37671,-0.118375,3.20137,NULL,NULL
151,"Gustavo Ayon",2014,-3.6173,3.68604,0.0687435,0.619439,NULL,NULL
152,"Deandre Ayton",2019,-0.616975,-1.67557,-2.29254,0.505997,NULL,NULL
153,"Chris Babb",2014,-2.49469,-1.00851,-3.5032,-0.0509209,NULL,NULL
154,"Luke Babbitt",2014,1.98043,-0.765389,1.21504,0.952403,NULL,NULL
155,"Luke Babbitt",2015,0.0875086,-2.25944,-2.17194,0.244984,NULL,NULL
156,"Luke Babbitt",2016,0.973731,-2.0559,-1.08217,0.717796,NULL,NULL
157,"Luke Babbitt",2017,-0.462168,0.157125,-0.305043,1.32187,NULL,NULL
158,"Luke Babbitt",2018,-0.686196,-2.3441,-3.0303,-0.118493,NULL,NULL
159,"Dwayne Bacon",2018,-3.72846,-1.39106,-5.11952,-0.862511,NULL,NULL
160,"Dwayne Bacon",2019,0.384197,-2.8161,-2.4319,0.122323,NULL,NULL
161,"Marvin Bagley III",2019,-1.0662,-1.80786,-2.87405,-0.0990791,NULL,NULL
162,"Cameron Bairstow",2015,-4.49662,-3.04873,-7.54535,-0.157322,NULL,NULL
163,"Cameron Bairstow",2016,-5.93337,0.582193,-5.35118,-0.138075,NULL,NULL
164,"Ron Baker",2017,-2.49229,2.0637,-0.428595,1.01483,NULL,NULL
165,"Ron Baker",2018,-0.595668,1.6277,1.03203,0.747135,NULL,NULL
166,"Ron Baker",2019,-5.68723,3.85393,-1.83331,0.0686107,NULL,NULL
167,"Wade Baldwin IV",2017,-7.72121,-2.3133,-10.0345,-1.55074,NULL,NULL
168,"Wade Baldwin IV",2018,-0.355374,2.28354,1.92817,0.238614,NULL,NULL
169,"Wade Baldwin IV",2019,-11.4886,-5.02737,-16.516,-0.667983,NULL,NULL
170,"Lonzo Ball",2018,-0.888551,1.44946,0.560912,3.04028,NULL,NULL
171,"Lonzo Ball",2019,-1.11196,0.787086,-0.324874,1.77601,NULL,NULL
172,"Mo Bamba",2019,-5.2578,-0.936775,-6.19457,-1.34395,NULL,NULL
173,"Leandro Barbosa",2014,-0.533145,-1.64636,-2.1795,0.106516,NULL,NULL
174,"Leandro Barbosa",2015,0.804725,-2.93264,-2.12792,0.39212,NULL,NULL
175,"Leandro Barbosa",2016,-0.0741139,-2.10955,-2.18366,0.41689,NULL,NULL
176,"Leandro Barbosa",2017,-0.306776,-1.79897,-2.10574,0.316676,NULL,NULL
177,"J.J. Barea",2014,-0.862358,-1.6649,-2.52726,0.16536,NULL,NULL
178,"J.J. Barea",2015,2.12574,-0.0284589,2.09728,3.72259,NULL,NULL
179,"J.J. Barea",2016,0.924204,-2.29808,-1.37388,1.19772,NULL,NULL
180,"J.J. Barea",2017,1.90353,0.533939,2.43747,2.0348,NULL,NULL
181,"J.J. Barea",2018,3.36362,-1.70393,1.65969,3.60032,NULL,NULL
182,"J.J. Barea",2019,1.88904,-0.675702,1.21334,1.5223,NULL,NULL
183,"Andrea Bargnani",2014,-2.90163,0.563123,-2.33851,0.261726,NULL,NULL
184,"Andrea Bargnani",2015,-3.15225,-4.96009,-8.11234,-2.14203,NULL,NULL
185,"Andrea Bargnani",2016,-3.26963,-4.13678,-7.40641,-1.49358,NULL,NULL
186,"Harrison Barnes",2014,-3.20298,-0.575423,-3.7784,-1.22751,NULL,NULL
187,"Harrison Barnes",2015,-0.620502,0.146709,-0.473793,3.50201,NULL,NULL
188,"Harrison Barnes",2016,-0.970635,-0.715062,-1.6857,1.49756,NULL,NULL
189,"Harrison Barnes",2017,-1.29003,1.0534,-0.236627,3.55432,NULL,NULL
190,"Harrison Barnes",2018,-1.35746,-0.165916,-1.52338,1.63876,NULL,NULL
191,"Harrison Barnes",2019,-0.888714,-0.395422,-1.28414,1.91582,NULL,NULL
192,"Matt Barnes",2014,0.659723,-0.643911,0.0158116,3.0593,NULL,NULL
193,"Matt Barnes",2015,1.04362,1.11097,2.15459,6.78703,NULL,NULL
194,"Matt Barnes",2016,-0.7388,-1.85539,-2.59419,0.163583,NULL,NULL
195,"Matt Barnes",2017,-1.02606,-0.977489,-2.00355,0.710132,NULL,NULL
196,"Earl Barron",2015,-6.16237,-6.57702,-12.7394,-0.73175,NULL,NULL
197,"Will Barton",2014,-0.93091,0.527674,-0.403236,0.565409,NULL,NULL
198,"Will Barton",2015,-1.27176,0.991204,-0.280561,1.23998,NULL,NULL
199,"Will Barton",2016,0.249205,-0.599943,-0.350738,2.8787,NULL,NULL
200,"Will Barton",2017,1.08035,-1.89924,-0.818888,1.67949,NULL,NULL
201,"Will Barton",2018,1.26339,-0.401034,0.862354,4.94057,NULL,NULL
202,"Will Barton",2019,-1.94007,-2.20511,-4.14518,-1.1071,NULL,NULL
203,"Brandon Bass",2014,-2.05168,-1.1706,-3.22228,-0.54108,NULL,NULL
204,"Brandon Bass",2015,-1.73501,-1.22436,-2.95937,-0.227945,NULL,NULL
205,"Brandon Bass",2016,-0.0314882,-0.384971,-0.416459,1.58671,NULL,NULL
206,"Brandon Bass",2017,-0.403687,-3.4402,-3.84389,-0.322314,NULL,NULL
207,"Keita Bates-Diop",2019,-3.44857,-0.428779,-3.87735,-0.287116,NULL,NULL
208,"Shane Battier",2014,0.259689,2.16735,2.42704,4.38164,NULL,NULL
209,"Nicolas Batum",2014,1.83413,0.306725,2.14086,8.66965,NULL,NULL
210,"Nicolas Batum",2015,0.574499,-0.165138,0.409361,4.22001,NULL,NULL
211,"Nicolas Batum",2016,1.10588,-2.24304,-1.13716,2.10183,NULL,NULL
212,"Nicolas Batum",2017,0.873404,-0.669863,0.203541,3.99956,NULL,NULL
213,"Nicolas Batum",2018,1.26252,-2.25585,-0.993338,1.79224,NULL,NULL
214,"Nicolas Batum",2019,-0.878789,-0.22778,-1.10657,1.97732,NULL,NULL
215,"Jerryd Bayless",2014,0.0553879,-2.44385,-2.38846,0.306815,NULL,NULL
216,"Jerryd Bayless",2015,-1.89125,-0.186037,-2.07729,0.636176,NULL,NULL
217,"Jerryd Bayless",2016,0.165054,-0.884812,-0.719757,1.54721,NULL,NULL
218,"Jerryd Bayless",2017,-2.391,-3.30675,-5.69776,-0.106791,NULL,NULL
219,"Jerryd Bayless",2018,-2.3516,-1.65453,-4.00613,-0.595908,NULL,NULL
220,"Jerryd Bayless",2019,-1.92994,-6.13016,-8.06011,-1.75416,NULL,NULL
221,"Aron Baynes",2014,-2.78413,-1.05362,-3.83775,-0.311639,NULL,NULL
222,"Aron Baynes",2015,-1.78577,1.6777,-0.108073,1.58277,NULL,NULL
223,"Aron Baynes",2016,-1.97491,0.00796631,-1.96695,0.492258,NULL,NULL
224,"Aron Baynes",2017,-1.87536,4.49676,2.6214,3.18437,NULL,NULL
225,"Aron Baynes",2018,-3.02442,3.23415,0.209731,2.84046,NULL,NULL
226,"Aron Baynes",2019,-1.77012,3.51629,1.74618,2.16292,NULL,NULL
227,"Kent Bazemore",2014,-2.44195,0.445799,-1.99615,0.358661,NULL,NULL
228,"Kent Bazemore",2015,-2.84964,0.329001,-2.52064,0.193117,NULL,NULL
229,"Kent Bazemore",2016,-0.328532,1.07372,0.745189,4.34503,NULL,NULL
230,"Kent Bazemore",2017,-1.42144,1.53068,0.109239,3.13019,NULL,NULL
231,"Kent Bazemore",2018,-0.133694,0.709197,0.575503,3.07431,NULL,NULL
232,"Kent Bazemore",2019,-2.89514,0.599508,-2.29564,0.386742,NULL,NULL
233,"Bradley Beal",2014,0.693734,0.757418,1.45115,6.49981,NULL,NULL
234,"Bradley Beal",2015,1.1165,0.654233,1.77073,5.83249,NULL,NULL
235,"Bradley Beal",2016,0.673811,-1.43462,-0.760808,1.7465,NULL,NULL
236,"Bradley Beal",2017,4.93623,0.143348,5.07957,12.8921,NULL,NULL
237,"Bradley Beal",2018,2.32059,0.487221,2.80781,9.06829,NULL,NULL
238,"Bradley Beal",2019,4.31475,-0.940658,3.3741,9.58019,NULL,NULL
239,"Malik Beasley",2017,-1.07166,3.65363,2.58197,0.454544,NULL,NULL
240,"Malik Beasley",2018,-2.17221,-0.444881,-2.61709,0.0396854,NULL,NULL
241,"Malik Beasley",2019,0.397947,-1.16264,-0.764693,2.18202,NULL,NULL
242,"Michael Beasley",2014,-0.703212,-0.782276,-1.48549,0.554108,NULL,NULL
243,"Michael Beasley",2015,-4.03797,0.342336,-3.69564,-0.244526,NULL,NULL
244,"Michael Beasley",2016,1.11405,-1.0378,0.0762556,0.649897,NULL,NULL
245,"Michael Beasley",2017,0.190786,-0.26282,-0.0720339,1.35423,NULL,NULL
246,"Michael Beasley",2018,-0.103731,-1.9934,-2.09713,0.553308,NULL,NULL
247,"Michael Beasley",2019,-1.61944,-3.18345,-4.80288,-0.292977,NULL,NULL
248,"Marco Belinelli",2014,2.06939,-2.08621,-0.0168223,3.28024,NULL,NULL
249,"Marco Belinelli",2015,0.680506,-2.60736,-1.92686,0.642539,NULL,NULL
250,"Marco Belinelli",2016,-1.11869,-2.79615,-3.91485,-0.996314,NULL,NULL
251,"Marco Belinelli",2017,0.140303,-2.06854,-1.92824,0.74694,NULL,NULL
252,"Marco Belinelli",2018,1.24796,-2.03528,-0.787315,2.24233,NULL,NULL
253,"Marco Belinelli",2019,0.52973,-2.21287,-1.68314,1.05871,NULL,NULL
254,"Jordan Bell",2018,0.184079,2.46774,2.65181,2.7374,NULL,NULL
255,"Jordan Bell",2019,-3.03426,-0.115808,-3.15006,-0.17823,NULL,NULL
256,"DeAndre' Bembry",2017,-3.75317,-0.564256,-4.31743,-0.29509,NULL,NULL
257,"DeAndre' Bembry",2018,-5.00336,0.0256292,-4.97773,-0.522277,NULL,NULL
258,"DeAndre' Bembry",2019,-3.15085,1.06753,-2.08332,0.660857,NULL,NULL
259,"Dragan Bender",2017,-2.54962,-0.19961,-2.74923,0.000227654,NULL,NULL
260,"Dragan Bender",2018,-3.32502,-1.02804,-4.35306,-1.69611,NULL,NULL
261,"Dragan Bender",2019,-4.07194,-1.84793,-5.91987,-1.34126,NULL,NULL
262,"Jerrelle Benimon",2015,-17.149,12.3002,-4.84882,-0.00323539,NULL,NULL
263,"Anthony Bennett",2014,-5.20069,-2.38219,-7.58288,-1.64762,NULL,NULL
264,"Anthony Bennett",2015,-2.56189,-3.62531,-6.1872,-1.56996,NULL,NULL
265,"Anthony Bennett",2016,-3.07585,-7.21357,-10.2894,-0.325074,NULL,NULL
266,"Anthony Bennett",2017,-1.42214,-6.25009,-7.67224,-0.669636,NULL,NULL
267,"Ben Bentil",2017,-17.3945,-9.50943,-26.9039,-0.123411,NULL,NULL
268,"Davis Bertans",2017,1.19844,0.425207,1.62365,2.07121,NULL,NULL
269,"Davis Bertans",2018,0.830612,1.68243,2.51304,3.15163,NULL,NULL
270,"Davis Bertans",2019,2.1894,1.11518,3.30458,5.29348,NULL,NULL
271,"Dairis Bertans",2019,-5.79238,-5.21927,-11.0116,-0.699774,NULL,NULL
272,"Patrick Beverley",2014,1.75434,1.71976,3.4741,6.13517,NULL,NULL
273,"Patrick Beverley",2015,0.198996,0.986318,1.18531,3.4683,NULL,NULL
274,"Patrick Beverley",2016,1.45101,1.83424,3.28526,6.68068,NULL,NULL
275,"Patrick Beverley",2017,1.266,2.30914,3.57513,7.72422,NULL,NULL
276,"Patrick Beverley",2018,0.865403,2.19522,3.06062,0.999802,NULL,NULL
277,"Patrick Beverley",2019,1.15429,1.37029,2.52458,6.27932,NULL,NULL
278,"Sim Bhullar",2015,9.1586,0.602415,9.76101,0.018886,NULL,NULL
279,"Andris Biedrins",2014,-5.99759,2.87501,-3.12258,-0.00857788,NULL,NULL
280,"Chauncey Billups",2014,-2.98052,-4.09511,-7.07563,-0.682167,NULL,NULL
281,"Khem Birch",2018,-0.656204,1.46409,0.807887,1.04329,NULL,NULL
282,"Khem Birch",2019,-0.232228,3.8,3.56777,2.37943,NULL,NULL
283,"Jabari Bird",2018,-2.22326,-3.25226,-5.47553,-0.160737,NULL,NULL
284,"Bismack Biyombo",2014,-3.51987,1.21233,-2.30754,0.253612,NULL,NULL
285,"Bismack Biyombo",2015,-2.45614,0.269702,-2.18644,0.355397,NULL,NULL
286,"Bismack Biyombo",2016,-2.10951,2.76188,0.652367,4.07729,NULL,NULL
287,"Bismack Biyombo",2017,-4.01151,-0.575612,-4.58712,-1.66092,NULL,NULL
288,"Bismack Biyombo",2018,-4.13451,-1.08815,-5.22266,-1.87134,NULL,NULL
289,"Bismack Biyombo",2019,-3.59842,-1.38772,-4.98613,-0.888701,NULL,NULL
290,"Nemanja Bjelica",2016,0.218194,-0.908246,-0.690053,1.12825,NULL,NULL
291,"Nemanja Bjelica",2017,-0.763334,1.86729,1.10395,2.34409,NULL,NULL
292,"Nemanja Bjelica",2018,0.113989,1.26279,1.37678,2.99331,NULL,NULL
293,"Nemanja Bjelica",2019,1.24879,0.96579,2.21458,4.54252,NULL,NULL
294,"Tarik Black",2015,-1.41511,-1.24379,-2.6589,0.060869,NULL,NULL
295,"Tarik Black",2016,-2.8527,3.64007,0.787371,0.893558,NULL,NULL
296,"Tarik Black",2017,-1.10173,2.36947,1.26774,2.23937,NULL,NULL
297,"Tarik Black",2018,-4.38299,1.23184,-3.15115,-0.111964,NULL,NULL
298,"DeJuan Blair",2014,-1.14374,0.56328,-0.580464,1.48849,NULL,NULL
299,"DeJuan Blair",2015,-5.96018,-4.16061,-10.1208,-0.688275,NULL,NULL
300,"DeJuan Blair",2016,-5.99543,1.08414,-4.91128,-0.242166,NULL,NULL
301,"Antonio Blakeney",2018,-1.872,-3.20504,-5.07704,-0.371403,NULL,NULL
302,"Antonio Blakeney",2019,-3.05917,-4.04269,-7.10186,-1.82911,NULL,NULL
303,"Steve Blake",2014,-0.827937,-0.505951,-1.33389,1.12643,NULL,NULL
304,"Steve Blake",2015,-0.793999,-1.28833,-2.08233,0.5074,NULL,NULL
305,"Steve Blake",2016,-1.53854,-2.02937,-3.56792,-0.460219,NULL,NULL
306,"Andray Blatche",2014,-0.706059,1.56712,0.861057,3.34061,NULL,NULL
307,"Eric Bledsoe",2014,1.50553,2.20863,3.71417,4.69934,NULL,NULL
308,"Eric Bledsoe",2015,1.72559,1.16173,2.88733,8.14214,NULL,NULL
309,"Eric Bledsoe",2016,2.28722,1.94575,4.23297,3.82012,NULL,NULL
310,"Eric Bledsoe",2017,3.21543,-2.38599,0.82944,3.9971,NULL,NULL
311,"Eric Bledsoe",2018,2.60764,1.82097,4.42861,9.49861,NULL,NULL
312,"Eric Bledsoe",2019,2.93922,2.38448,5.3237,11.2131,NULL,NULL
313,"Jaron Blossomgame",2019,-2.09443,0.203183,-1.89125,0.190143,NULL,NULL
314,"Vander Blue",2014,-7.90993,0.548259,-7.36167,-0.035766,NULL,NULL
315,"Vander Blue",2015,-7.28335,-3.93899,-11.2223,-0.319991,NULL,NULL
316,"Vander Blue",2018,-10.0718,3.2756,-6.79615,-0.0932054,NULL,NULL
317,"Keith Bogans",2014,-2.16853,2.9373,0.768773,0.0973342,NULL,NULL
318,"Bogdan Bogdanovic",2018,0.767804,-1.70331,-0.935504,2.01225,NULL,NULL
319,"Bogdan Bogdanovic",2019,1.72025,-0.184039,1.53621,4.2281,NULL,NULL
320,"Bojan Bogdanovic",2015,-0.0660999,-1.70333,-1.76943,1.03373,NULL,NULL
321,"Bojan Bogdanovic",2016,-1.28327,-3.3392,-4.62247,-2.01753,NULL,NULL
322,"Bojan Bogdanovic",2017,-0.510865,-3.05298,-3.56385,-0.973113,NULL,NULL
323,"Bojan Bogdanovic",2018,-0.184319,-0.075332,-0.259651,3.4648,NULL,NULL
324,"Bojan Bogdanovic",2019,0.64877,-0.640112,0.00865859,3.83336,NULL,NULL
325,"Andrew Bogut",2014,-1.35078,4.41226,3.06149,5.26112,NULL,NULL
326,"Andrew Bogut",2015,-1.33808,4.13266,2.79458,5.66831,NULL,NULL
327,"Andrew Bogut",2016,-1.6611,3.58142,1.92031,4.36914,NULL,NULL
328,"Andrew Bogut",2017,-5.88863,4.14214,-1.74649,0.298903,NULL,NULL
329,"Andrew Bogut",2018,-4.54506,2.43473,-2.11034,0.0707517,NULL,NULL
330,"Andrew Bogut",2019,-2.35458,1.17107,-1.1835,0.264672,NULL,NULL
331,"Jonah Bolden",2019,-2.77825,-0.310637,-3.08889,-0.142659,NULL,NULL
332,"Joel Bolomboy",2017,-0.953098,4.99229,4.0392,0.216223,NULL,NULL
333,"Joel Bolomboy",2018,-9.98754,-2.34466,-12.3322,-0.184639,NULL,NULL
334,"Isaac Bonga",2019,-7.15629,5.82807,-1.32823,0.0875152,NULL,NULL
335,"Matt Bonner",2014,-0.368003,0.960508,0.592505,1.4208,NULL,NULL
336,"Matt Bonner",2015,-0.733611,0.120179,-0.613432,1.0505,NULL,NULL
337,"Matt Bonner",2016,3.23667,2.04392,5.28059,0.836503,NULL,NULL
338,"Devin Booker",2016,-0.428323,-3.22606,-3.65439,-0.982199,NULL,NULL
339,"Devin Booker",2017,0.996433,-2.0492,-1.05277,2.3946,NULL,NULL
340,"Devin Booker",2018,2.52207,-3.13596,-0.613893,2.07337,NULL,NULL
341,"Devin Booker",2019,3.58205,-2.99728,0.584764,3.8652,NULL,NULL
342,"Trevor Booker",2014,0.311681,-2.75594,-2.44426,0.268133,NULL,NULL
343,"Trevor Booker",2015,-0.183211,0.874997,0.691787,2.72514,NULL,NULL
344,"Trevor Booker",2016,-0.91294,1.60948,0.696536,2.85424,NULL,NULL
345,"Trevor Booker",2017,-1.99695,1.15495,-0.841994,1.70864,NULL,NULL
346,"Trevor Booker",2018,-0.547101,-1.17519,-1.72229,0.624769,NULL,NULL
347,"Carlos Boozer",2014,-4.33548,-1.61188,-5.94736,-3.73933,NULL,NULL
348,"Carlos Boozer",2015,-1.56883,-1.801,-3.36983,-0.532423,NULL,NULL
349,"Chris Bosh",2014,0.120114,0.846021,0.966135,6.14488,NULL,NULL
350,"Chris Bosh",2015,-0.489524,0.351535,-0.137989,2.05721,NULL,NULL
351,"Chris Bosh",2016,0.699144,0.167664,0.866808,3.25151,NULL,NULL
352,"Chris Boucher",2018,-40.1603,-4.62878,-44.7891,-0.0215565,NULL,NULL
353,"Chris Boucher",2019,0.488195,-2.82251,-2.33431,0.0432164,NULL,NULL
354,"Avery Bradley",2014,-0.927012,0.92387,-0.00314233,2.60903,NULL,NULL
355,"Avery Bradley",2015,-1.62015,-0.736557,-2.35671,0.534511,NULL,NULL
356,"Avery Bradley",2016,1.28007,-0.579495,0.700571,4.55026,NULL,NULL
357,"Avery Bradley",2017,-0.193556,-0.400218,-0.593774,2.69249,NULL,NULL
358,"Avery Bradley",2018,-2.47231,0.279784,-2.19253,0.412716,NULL,NULL
359,"Avery Bradley",2019,-2.55282,0.684728,-1.86809,0.860111,NULL,NULL
360,"Tony Bradley",2018,-1.82012,2.07158,0.251462,0.0469682,NULL,NULL
361,"Tony Bradley",2019,1.33723,-3.83355,-2.49633,0.00472488,NULL,NULL
362,"Elton Brand",2014,-1.60968,0.830802,-0.77888,1.50241,NULL,NULL
363,"Elton Brand",2015,-4.02809,2.42892,-1.59917,0.288135,NULL,NULL
364,"Elton Brand",2016,-4.46588,3.91956,-0.546318,0.253532,NULL,NULL
365,"Corey Brewer",2014,0.274499,0.701842,0.97634,5.03578,NULL,NULL
366,"Corey Brewer",2015,-0.526982,0.39954,-0.127442,3.43827,NULL,NULL
367,"Corey Brewer",2016,-1.94462,0.821407,-1.12321,1.47406,NULL,NULL
368,"Corey Brewer",2017,-1.86299,0.448799,-1.41419,0.868214,NULL,NULL
369,"Corey Brewer",2018,-1.1321,1.57244,0.440348,2.24038,NULL,NULL
370,"Corey Brewer",2019,-1.24219,2.85178,1.60958,1.09822,NULL,NULL
371,"Ronnie Brewer",2014,-5.27399,-2.79837,-8.07236,-0.429838,NULL,NULL
372,"Mikal Bridges",2019,-0.94978,1.12671,0.176926,3.61218,NULL,NULL
373,"Miles Bridges",2019,-1.62559,-0.71988,-2.34547,0.348839,NULL,NULL
374,"Isaiah Briscoe",2019,-3.95666,0.452836,-3.50382,-0.212981,NULL,NULL
375,"Ryan Broekhoff",2019,0.285769,-0.287944,-0.00217563,0.633947,NULL,NULL
376,"Malcolm Brogdon",2017,1.14963,0.403259,1.55289,4.69385,NULL,NULL
377,"Malcolm Brogdon",2018,0.623518,-1.02182,-0.398301,1.91271,NULL,NULL
378,"Malcolm Brogdon",2019,2.61953,1.13778,3.75731,6.76991,NULL,NULL
379,"Aaron Brooks",2014,0.476021,-1.77587,-1.29984,1.15972,NULL,NULL
380,"Aaron Brooks",2015,1.14513,-3.07641,-1.93128,0.806606,NULL,NULL
381,"Aaron Brooks",2016,0.163023,-0.925843,-0.76282,1.11993,NULL,NULL
382,"Aaron Brooks",2017,-0.722139,-2.40412,-3.12625,-0.175477,NULL,NULL
383,"Aaron Brooks",2018,-1.80206,-4.94907,-6.75112,-0.392122,NULL,NULL
384,"Dillon Brooks",2018,-1.54081,0.556581,-0.984234,2.11667,NULL,NULL
385,"Dillon Brooks",2019,-3.05762,-1.61993,-4.67755,-0.325913,NULL,NULL
386,"MarShon Brooks",2014,-0.0687623,0.37947,0.310707,0.491059,NULL,NULL
387,"MarShon Brooks",2018,9.05742,-1.90727,7.15015,0.972933,NULL,NULL
388,"MarShon Brooks",2019,-1.74448,-1.34474,-3.08921,-0.0660917,NULL,NULL
389,"Anthony Brown",2016,-3.57665,0.576872,-2.99978,-0.0759201,NULL,NULL
390,"Anthony Brown",2017,-3.54968,0.358911,-3.19077,-0.0340329,NULL,NULL
391,"Anthony Brown",2018,18.7156,2.42671,21.1423,0.0495604,NULL,NULL
392,"Bobby Brown",2017,0.455331,-3.3893,-2.93397,-0.00115618,NULL,NULL
393,"Bobby Brown",2018,-7.86589,-5.94579,-13.8117,-0.651153,NULL,NULL
394,"Bruce Brown",2019,-2.74848,2.41394,-0.334535,1.84472,NULL,NULL
395,"Jabari Brown",2015,-2.63305,-4.97383,-7.60688,-1.40718,NULL,NULL
396,"Jaylen Brown",2017,-3.32196,-0.4577,-3.77966,-0.821796,NULL,NULL
397,"Jaylen Brown",2018,0.57259,1.20862,1.78121,6.41452,NULL,NULL
398,"Jaylen Brown",2019,-1.70255,0.231335,-1.47121,1.4308,NULL,NULL
399,"Lorenzo Brown",2014,-2.67203,3.41769,0.745656,0.399264,NULL,NULL
400,"Lorenzo Brown",2015,-1.69548,-0.372921,-2.0684,0.189731,NULL,NULL
401,"Lorenzo Brown",2016,-3.44944,-5.33841,-8.78785,-0.186451,NULL,NULL
402,"Lorenzo Brown",2018,-3.18279,3.33078,0.147995,0.236379,NULL,NULL
403,"Lorenzo Brown",2019,-4.73967,1.06641,-3.67326,-0.100582,NULL,NULL
404,"Markel Brown",2015,-1.15325,-0.32133,-1.47458,0.519914,NULL,NULL
405,"Markel Brown",2016,-0.80406,-3.26519,-4.06925,-0.666374,NULL,NULL
406,"Markel Brown",2018,-5.88206,-0.687386,-6.56944,-0.0612158,NULL,NULL
407,"Shannon Brown",2014,-7.63867,-1.38653,-9.0252,-0.807508,NULL,NULL
408,"Shannon Brown",2015,-3.33586,-2.67907,-6.01493,-0.147243,NULL,NULL
409,"Sterling Brown",2018,-2.62137,-0.189156,-2.81053,-0.0282165,NULL,NULL
410,"Sterling Brown",2019,-1.98265,-1.07012,-3.05276,-0.178764,NULL,NULL
411,"Troy Brown Jr.",2019,-1.59516,-1.95483,-3.54999,-0.297254,NULL,NULL
412,"Jalen Brunson",2019,0.0392937,-0.616703,-0.577409,1.76022,NULL,NULL
413,"Nicolas Brussino",2017,-1.65694,-3.12155,-4.77848,-0.542464,NULL,NULL
414,"Nicolas Brussino",2018,-7.13047,4.17371,-2.95676,-0.00104032,NULL,NULL
415,"Kobe Bryant",2014,-4.20941,-2.07098,-6.28038,-0.329399,NULL,NULL
416,"Kobe Bryant",2015,1.15277,-3.47008,-2.31731,0.268667,NULL,NULL
417,"Kobe Bryant",2016,-0.229333,-3.76332,-3.99266,-1.19712,NULL,NULL
418,"Thomas Bryant",2018,-3.49876,-4.61506,-8.11382,-0.196429,NULL,NULL
419,"Thomas Bryant",2019,0.239099,-1.70278,-1.46368,0.979397,NULL,NULL
420,"Chase Budinger",2014,-0.644395,-1.34569,-1.99008,0.290738,NULL,NULL
421,"Chase Budinger",2015,-1.10567,-1.65718,-2.76285,-0.00848335,NULL,NULL
422,"Chase Budinger",2016,-0.863169,-0.132075,-0.995244,0.851887,NULL,NULL
423,"Reggie Bullock",2014,-3.07759,0.181623,-2.89596,-0.0334178,NULL,NULL
424,"Reggie Bullock",2015,-3.52142,2.32673,-1.19469,0.270499,NULL,NULL
425,"Reggie Bullock",2016,1.68393,-1.35267,0.331267,0.709326,NULL,NULL
426,"Reggie Bullock",2017,0.0671499,1.58082,1.64797,1.04745,NULL,NULL
427,"Reggie Bullock",2018,0.616557,-0.243606,0.372951,2.76172,NULL,NULL
428,"Reggie Bullock",2019,-1.08565,-1.15629,-2.24194,0.498169,NULL,NULL
429,"Trey Burke",2014,0.426341,-2.17644,-1.7501,1.13893,NULL,NULL
430,"Trey Burke",2015,0.0426663,-2.04501,-2.00235,0.864371,NULL,NULL
431,"Trey Burke",2016,0.583198,-2.06708,-1.48388,0.872904,NULL,NULL
432,"Trey Burke",2017,-2.32475,-2.79548,-5.12024,-0.863072,NULL,NULL
433,"Trey Burke",2018,4.55996,-2.52551,2.03445,1.89362,NULL,NULL
434,"Trey Burke",2019,2.03396,-0.140763,1.89319,2.63327,NULL,NULL
435,"Alec Burks",2014,0.886986,-0.674504,0.212482,3.30668,NULL,NULL
436,"Alec Burks",2015,0.389829,-3.6785,-3.28867,-0.246139,NULL,NULL
437,"Alec Burks",2016,-0.0666915,-1.15599,-1.22268,0.619269,NULL,NULL
438,"Alec Burks",2017,-1.38204,-0.572243,-1.95428,0.264955,NULL,NULL
439,"Alec Burks",2018,0.188233,-1.36385,-1.17562,0.946819,NULL,NULL
440,"Alec Burks",2019,-0.870407,-1.59973,-2.47013,0.203663,NULL,NULL
441,"Deonte Burton",2019,-5.89385,4.07868,-1.81517,0.116472,NULL,NULL
442,"Caron Butler",2014,-1.66276,-2.3515,-4.01426,-1.22861,NULL,NULL
443,"Caron Butler",2015,-0.202216,-1.45561,-1.65783,0.898182,NULL,NULL
444,"Caron Butler",2016,-1.66012,-3.32205,-4.98217,-0.199718,NULL,NULL
445,"Jimmy Butler",2014,0.429183,2.91997,3.34915,8.66392,NULL,NULL
446,"Jimmy Butler",2015,3.58172,0.409193,3.99092,10.4406,NULL,NULL
447,"Jimmy Butler",2016,2.50319,1.15177,3.65496,8.03498,NULL,NULL
448,"Jimmy Butler",2017,4.61573,2.18664,6.80236,14.8246,NULL,NULL
449,"Jimmy Butler",2018,5.66365,2.40407,8.06772,12.7399,NULL,NULL
450,"Jimmy Butler",2019,3.64205,1.97091,5.61296,11.1384,NULL,NULL
451,"Rasual Butler",2014,0.799438,-5.01503,-4.21559,-0.33745,NULL,NULL
452,"Rasual Butler",2015,-0.150835,-0.727436,-0.878271,1.43186,NULL,NULL
453,"Rasual Butler",2016,0.871801,-0.0427413,0.829059,0.780264,NULL,NULL
454,"Dwight Buycks",2014,-5.6964,-0.257892,-5.95429,-0.237216,NULL,NULL
455,"Dwight Buycks",2015,-3.08459,-6.06876,-9.15334,-0.401683,NULL,NULL
456,"Dwight Buycks",2018,-2.19152,0.0556493,-2.13587,0.133314,NULL,NULL
457,"Andrew Bynum",2014,-4.94491,-0.178618,-5.12353,-0.617972,NULL,NULL
458,"Will Bynum",2014,-0.347033,-3.1832,-3.53023,-0.421214,NULL,NULL
459,"Will Bynum",2015,-5.69546,-10.7161,-16.4115,-0.712632,NULL,NULL
460,"Bruno Caboclo",2015,-13.2994,-18.3809,-31.6803,-0.340554,NULL,NULL
461,"Bruno Caboclo",2016,-16.2523,-4.1525,-20.4048,-0.394384,NULL,NULL
462,"Bruno Caboclo",2017,0.0387338,7.25902,7.29776,0.203573,NULL,NULL
463,"Bruno Caboclo",2018,-3.98612,3.17363,-0.812489,0.100941,NULL,NULL
464,"Bruno Caboclo",2019,-0.699588,-0.378618,-1.07821,0.681454,NULL,NULL
465,"Nick Calathes",2014,-2.35223,3.4643,1.11207,2.30311,NULL,NULL
466,"Nick Calathes",2015,-1.92634,4.22204,2.2957,2.48834,NULL,NULL
467,"Jose Calderon",2014,1.862,-2.2258,-0.363806,3.22767,NULL,NULL
468,"Jose Calderon",2015,-1.41144,-5.34353,-6.75497,-2.59123,NULL,NULL
469,"Jose Calderon",2016,0.619682,-0.534895,0.0847868,2.89729,NULL,NULL
470,"Jose Calderon",2017,-1.54105,-2.49351,-4.03455,-0.40369,NULL,NULL
471,"Jose Calderon",2018,-0.198062,0.967677,0.769615,1.81661,NULL,NULL
472,"Jose Calderon",2019,-4.64479,-2.14845,-6.79324,-1.31303,NULL,NULL
473,"Kentavious Caldwell-Pope",2014,-0.900893,0.225948,-0.674946,1.67895,NULL,NULL
474,"Kentavious Caldwell-Pope",2015,0.788028,-0.449754,0.338274,4.09296,NULL,NULL
475,"Kentavious Caldwell-Pope",2016,0.822598,1.71516,2.53775,7.99306,NULL,NULL
476,"Kentavious Caldwell-Pope",2017,0.667547,-0.729987,-0.0624401,3.4764,NULL,NULL
477,"Kentavious Caldwell-Pope",2018,0.770669,-0.528363,0.242306,3.77283,NULL,NULL
478,"Kentavious Caldwell-Pope",2019,0.808161,-0.297614,0.510547,3.38871,NULL,NULL
479,"Isaiah Canaan",2014,-2.19021,-2.12007,-4.31028,-0.202477,NULL,NULL
480,"Isaiah Canaan",2015,-0.064161,-1.02072,-1.08489,0.800691,NULL,NULL
481,"Isaiah Canaan",2016,-0.60904,-2.05709,-2.66613,0.0838055,NULL,NULL
482,"Isaiah Canaan",2017,-2.93081,-0.668247,-3.59906,-0.307289,NULL,NULL
483,"Isaiah Canaan",2018,0.780687,1.09538,1.87606,0.986059,NULL,NULL
484,"Isaiah Canaan",2019,-1.95187,-2.57268,-4.52455,-0.54992,NULL,NULL
485,"Clint Capela",2015,-3.11434,1.23812,-1.87622,0.100888,NULL,NULL
486,"Clint Capela",2016,-0.422955,1.9887,1.56575,3.34419,NULL,NULL
487,"Clint Capela",2017,-0.122087,1.11004,0.987957,3.52306,NULL,NULL
488,"Clint Capela",2018,0.416049,3.27729,3.69334,8.43973,NULL,NULL
489,"Clint Capela",2019,0.793209,1.92995,2.72316,7.15112,NULL,NULL
490,"DeMarre Carroll",2014,0.71557,2.08623,2.8018,7.26788,NULL,NULL
491,"DeMarre Carroll",2015,2.07584,0.636607,2.71244,7.69675,NULL,NULL
492,"DeMarre Carroll",2016,-0.0720594,2.15103,2.07897,3.42968,NULL,NULL
493,"DeMarre Carroll",2017,-0.586613,1.73615,1.14954,4.01398,NULL,NULL
494,"DeMarre Carroll",2018,-0.131485,0.452933,0.321448,3.39965,NULL,NULL
495,"DeMarre Carroll",2019,-0.581144,-0.546824,-1.12797,1.50698,NULL,NULL
496,"Jevon Carter",2019,-3.00617,0.423373,-2.58279,0.0486954,NULL,NULL
497,"Michael Carter-Williams",2014,-0.534324,0.633229,0.0989048,3.55966,NULL,NULL
498,"Michael Carter-Williams",2015,-3.18876,1.83845,-1.3503,1.684,NULL,NULL
499,"Michael Carter-Williams",2016,-1.35252,2.34347,0.990955,3.16209,NULL,NULL
500,"Michael Carter-Williams",2017,-2.84732,2.44648,-0.400835,1.07854,NULL,NULL
501,"Michael Carter-Williams",2018,-2.16869,3.29147,1.12278,1.64341,NULL,NULL
502,"Michael Carter-Williams",2019,-0.552407,1.96807,1.41567,1.02119,NULL,NULL
503,"Vince Carter",2014,2.50456,0.840957,3.34552,6.81542,NULL,NULL
504,"Vince Carter",2015,0.0473866,-0.681338,-0.633951,1.42216,NULL,NULL
505,"Vince Carter",2016,1.47333,-1.93643,-0.463101,1.27563,NULL,NULL
506,"Vince Carter",2017,1.00778,-0.115972,0.891807,3.62837,NULL,NULL
507,"Vince Carter",2018,-0.477886,0.963953,0.486067,1.68712,NULL,NULL
508,"Vince Carter",2019,-1.17387,-0.250475,-1.42434,0.905035,NULL,NULL
509,"Wendell Carter Jr.",2019,-4.66954,1.42138,-3.24816,-0.281544,NULL,NULL
510,"Alex Caruso",2018,-2.48394,1.16146,-1.32249,0.412186,NULL,NULL
511,"Alex Caruso",2019,1.64943,3.49563,5.14505,2.15172,NULL,NULL
512,"Omri Casspi",2014,-0.471313,1.26078,0.789471,2.33823,NULL,NULL
513,"Omri Casspi",2015,0.634837,-3.41156,-2.77672,-0.0194506,NULL,NULL
514,"Omri Casspi",2016,1.62592,-1.24938,0.376544,3.02294,NULL,NULL
515,"Omri Casspi",2017,-1.9376,-1.86804,-3.80564,-0.338762,NULL,NULL
516,"Omri Casspi",2018,-1.12557,0.397494,-0.728077,0.762879,NULL,NULL
517,"Omri Casspi",2019,-0.390924,2.37274,1.98182,1.25599,NULL,NULL
518,"Willie Cauley-Stein",2016,-1.11246,-0.718746,-1.83121,0.660734,NULL,NULL
519,"Willie Cauley-Stein",2017,-3.11708,-0.577888,-3.69497,-0.682821,NULL,NULL
520,"Willie Cauley-Stein",2018,-2.80427,0.935869,-1.8684,0.916988,NULL,NULL
521,"Willie Cauley-Stein",2019,-2.10671,1.50676,-0.599943,2.42661,NULL,NULL
522,"Troy Caupain",2019,14.3771,4.94059,19.3177,0.176322,NULL,NULL
523,"Tyler Cavanaugh",2018,-0.31657,-4.30058,-4.61715,-0.493631,NULL,NULL
524,"Tyler Cavanaugh",2019,-7.62171,-5.4446,-13.0663,-0.204691,NULL,NULL
525,"Mario Chalmers",2014,1.44958,1.66658,3.11616,8.1066,NULL,NULL
526,"Mario Chalmers",2015,-0.770354,1.52331,0.752961,4.24098,NULL,NULL
527,"Mario Chalmers",2016,1.71654,2.49373,4.21027,4.92036,NULL,NULL
528,"Mario Chalmers",2018,-2.07931,0.992254,-1.08706,1.21814,NULL,NULL
529,"Tyson Chandler",2014,-1.33393,1.06538,-0.268557,2.1032,NULL,NULL
530,"Tyson Chandler",2015,-0.0975569,2.43451,2.33696,6.34735,NULL,NULL
531,"Tyson Chandler",2016,-2.66262,0.29113,-2.37149,0.312904,NULL,NULL
532,"Tyson Chandler",2017,-1.13744,-0.328725,-1.46617,0.847967,NULL,NULL
533,"Tyson Chandler",2018,-1.90571,0.9764,-0.929308,1.06376,NULL,NULL
534,"Tyson Chandler",2019,-3.78442,1.83179,-1.95263,0.366115,NULL,NULL
535,"Wilson Chandler",2014,0.469204,0.0474413,0.516645,3.21796,NULL,NULL
536,"Wilson Chandler",2015,0.843409,-1.57318,-0.729772,2.5402,NULL,NULL
537,"Wilson Chandler",2017,0.516141,0.465203,0.981344,4.18193,NULL,NULL
538,"Wilson Chandler",2018,-0.67385,0.105604,-0.568246,2.59249,NULL,NULL
539,"Wilson Chandler",2019,-1.49867,-0.60479,-2.10346,0.428939,NULL,NULL
540,"Joe Chealey",2019,-10.3366,-10.1611,-20.4976,-0.0708072,NULL,NULL
541,"Will Cherry",2015,-4.75126,0.909209,-3.84205,-0.0387536,NULL,NULL
542,"Josh Childress",2014,1.11193,4.56917,5.6811,0.102431,NULL,NULL
543,"Chris Chiozza",2019,-5.50855,-8.13456,-13.6431,-0.182003,NULL,NULL
544,"Dionte Christmas",2014,-1.09299,-3.44797,-4.54095,-0.180761,NULL,NULL
545,"Marquese Chriss",2017,-2.98633,-1.32171,-4.30805,-1.4048,NULL,NULL
546,"Marquese Chriss",2018,-3.56745,0.252372,-3.31508,-0.444294,NULL,NULL
547,"Marquese Chriss",2019,-6.23994,-4.03837,-10.2783,-1.91201,NULL,NULL
548,"Patrick Christopher",2015,-9.92862,-13.9552,-23.8838,-0.315694,NULL,NULL
549,"Rakeem Christmas",2016,9.43176,-38.1072,-28.6754,-0.0797363,NULL,NULL
550,"Rakeem Christmas",2017,-2.13414,-0.541988,-2.67613,0.00824198,NULL,NULL
551,"Semaj Christon",2017,-3.50092,-3.63216,-7.13308,-2.16933,NULL,NULL
552,"Coty Clarke",2016,14.8888,-8.37423,6.51454,0.0290943,NULL,NULL
553,"Earl Clark",2014,-3.6841,-2.67902,-6.36312,-1.42413,NULL,NULL
554,"Earl Clark",2015,-6.036,-0.809855,-6.84586,-0.2282,NULL,NULL
555,"Gary Clark",2019,-1.1291,-2.13259,-3.26169,-0.166273,NULL,NULL
556,"Ian Clark",2014,-3.09671,-2.47001,-5.56672,-0.249988,NULL,NULL
557,"Ian Clark",2015,-1.44864,0.284936,-1.1637,0.148273,NULL,NULL
558,"Ian Clark",2016,-2.23248,-3.85236,-6.08484,-1.2469,NULL,NULL
559,"Ian Clark",2017,-0.625059,-1.49615,-2.1212,0.442826,NULL,NULL
560,"Ian Clark",2018,-1.14933,-2.39407,-3.5434,-0.668282,NULL,NULL
561,"Ian Clark",2019,-2.23551,-3.03816,-5.27367,-1.25791,NULL,NULL
562,"Jordan Clarkson",2015,0.155706,-1.58228,-1.42658,0.977336,NULL,NULL
563,"Jordan Clarkson",2016,-0.425277,-2.21382,-2.6391,0.14372,NULL,NULL
564,"Jordan Clarkson",2017,-0.510474,-1.14355,-1.65402,1.34593,NULL,NULL
565,"Jordan Clarkson",2018,0.388036,-0.710933,-0.322898,2.63069,NULL,NULL
566,"Jordan Clarkson",2019,2.03501,-2.07763,-0.0426187,3.0427,NULL,NULL
567,"Gian Clavell",2018,-2.97526,7.36476,4.3895,0.23602,NULL,NULL
568,"Victor Claver",2014,-2.39492,4.51293,2.118,0.478028,NULL,NULL
569,"Victor Claver",2015,-2.38563,0.641546,-1.74408,0.0392258,NULL,NULL
570,"Antonius Cleveland",2018,-6.14249,-0.100905,-6.2434,-0.213859,NULL,NULL
571,"Norris Cole",2014,-1.76363,-0.602971,-2.3666,0.471092,NULL,NULL
572,"Norris Cole",2015,-1.89199,-1.6854,-3.57739,-0.802642,NULL,NULL
573,"Norris Cole",2016,-1.01035,-2.6378,-3.64815,-0.547735,NULL,NULL
574,"Norris Cole",2017,-7.24259,-2.10477,-9.34735,-0.51078,NULL,NULL
575,"Darren Collison",2014,0.814327,1.26147,2.0758,5.70253,NULL,NULL
576,"Darren Collison",2015,1.73974,2.30809,4.04783,5.40946,NULL,NULL
577,"Darren Collison",2016,1.75758,-1.66498,0.0925954,3.19643,NULL,NULL
578,"Darren Collison",2017,1.05814,-1.74225,-0.684112,2.14334,NULL,NULL
579,"Darren Collison",2018,2.34793,1.41465,3.76258,7.37389,NULL,NULL
580,"Darren Collison",2019,0.65853,0.113143,0.771673,4.03539,NULL,NULL
581,"Jason Collins",2014,-5.73917,-6.42228,-12.1614,-0.822501,NULL,NULL
582,"John Collins",2018,-1.06739,0.520765,-0.546624,2.00306,NULL,NULL
583,"John Collins",2019,3.24847,-0.516129,2.73234,5.12765,NULL,NULL
584,"Kyle Collinsworth",2018,-1.17721,0.238867,-0.938339,0.441641,NULL,NULL
585,"Nick Collison",2014,-0.0159693,1.31631,1.30034,3.18457,NULL,NULL
586,"Nick Collison",2015,-0.7845,-0.0727558,-0.857255,1.06306,NULL,NULL
587,"Nick Collison",2016,-2.97542,0.764389,-2.21103,0.218342,NULL,NULL
588,"Nick Collison",2017,-1.5852,0.0697184,-1.51548,0.0801257,NULL,NULL
589,"Nick Collison",2018,-4.91995,-3.18365,-8.10359,-0.204389,NULL,NULL
590,"Zach Collins",2018,-3.5343,-1.54871,-5.08301,-1.32107,NULL,NULL
591,"Zach Collins",2019,-1.54519,-0.574027,-2.11921,0.542223,NULL,NULL
592,"Bonzie Colson",2019,-2.52823,-5.12115,-7.64938,-0.2462,NULL,NULL
593,"Mike Conley",2014,3.16786,0.195685,3.36355,8.40186,NULL,NULL
594,"Mike Conley",2015,2.51423,0.596493,3.11072,7.35683,NULL,NULL
595,"Mike Conley",2016,2.23655,-0.875735,1.36082,3.63231,NULL,NULL
596,"Mike Conley",2017,5.51458,0.70459,6.21917,11.5713,NULL,NULL
597,"Mike Conley",2018,1.33597,2.06842,3.40439,1.16625,NULL,NULL
598,"Mike Conley",2019,4.60559,1.70134,6.30692,10.7556,NULL,NULL
599,"Pat Connaughton",2016,-6.29538,-1.56789,-7.86327,-0.397466,NULL,NULL
600,"Pat Connaughton",2017,-0.845897,-1.82869,-2.67459,0.00817517,NULL,NULL
601,"Pat Connaughton",2018,-0.507436,0.0842081,-0.423228,1.82328,NULL,NULL
602,"Pat Connaughton",2019,-0.237057,0.530012,0.292955,2.46882,NULL,NULL
603,"Charles Cooke",2018,-8.29725,3.81741,-4.47984,-0.0330786,NULL,NULL
604,"Quinn Cook",2017,0.92556,-5.48674,-4.56118,-0.177239,NULL,NULL
605,"Quinn Cook",2018,-0.185168,-3.80758,-3.99275,-0.566184,NULL,NULL
606,"Quinn Cook",2019,-1.14722,-4.08764,-5.23486,-1.57726,NULL,NULL
607,"Jack Cooley",2015,-2.00308,4.04972,2.04663,0.215126,NULL,NULL
608,"Jack Cooley",2018,4.96564,1.36536,6.33099,0.398748,NULL,NULL
609,"Chris Copeland",2014,3.07764,-4.70584,-1.6282,0.204464,NULL,NULL
610,"Chris Copeland",2015,-1.75101,-2.92128,-4.67229,-0.816717,NULL,NULL
611,"Chris Copeland",2016,-4.6431,-8.2309,-12.874,-0.804424,NULL,NULL
612,"Matt Costello",2018,0.100871,0.547386,0.648257,0.0553609,NULL,NULL
613,"Bryce Cotton",2015,-2.84639,-3.25522,-6.10162,-0.272948,NULL,NULL
614,"Bryce Cotton",2016,-7.30614,-4.43097,-11.7371,-0.179717,NULL,NULL
615,"DeMarcus Cousins",2014,1.67968,3.31724,4.99692,9.16069,NULL,NULL
616,"DeMarcus Cousins",2015,0.92756,4.42306,5.35062,8.48644,NULL,NULL
617,"DeMarcus Cousins",2016,0.251393,4.10207,4.35347,8.34357,NULL,NULL
618,"DeMarcus Cousins",2017,3.41818,1.70584,5.12402,9.9868,NULL,NULL
619,"DeMarcus Cousins",2018,0.310309,2.1966,2.50691,4.72247,NULL,NULL
620,"DeMarcus Cousins",2019,-1.05111,4.7186,3.66749,2.97045,NULL,NULL
621,"Robert Covington",2014,0.349121,2.51354,2.86266,0.0970554,NULL,NULL
622,"Robert Covington",2015,1.22834,-0.236949,0.991392,3.77116,NULL,NULL
623,"Robert Covington",2016,-0.679481,1.91416,1.23468,3.93657,NULL,NULL
624,"Robert Covington",2017,-1.66252,3.75378,2.09126,5.29017,NULL,NULL
625,"Robert Covington",2018,1.0664,3.33445,4.40085,10.3635,NULL,NULL
626,"Robert Covington",2019,-0.588963,3.34497,2.75601,3.37531,NULL,NULL
627,"Allen Crabbe",2014,-0.295464,-6.04545,-6.34092,-0.183357,NULL,NULL
628,"Allen Crabbe",2015,-1.33709,-0.75044,-2.08753,0.250762,NULL,NULL
629,"Allen Crabbe",2016,0.795584,-1.07795,-0.282364,3.05477,NULL,NULL
630,"Allen Crabbe",2017,-0.851102,-1.72057,-2.57167,0.211526,NULL,NULL
631,"Allen Crabbe",2018,0.988289,0.152158,1.14045,4.38572,NULL,NULL
632,"Allen Crabbe",2019,-2.58941,0.562959,-2.02645,0.418546,NULL,NULL
633,"Torrey Craig",2018,-1.07934,1.29546,0.216118,0.948889,NULL,NULL
634,"Torrey Craig",2019,-0.176798,0.0865869,-0.090211,2.51494,NULL,NULL
635,"Jamal Crawford",2014,2.7734,-2.65869,0.114713,3.55275,NULL,NULL
636,"Jamal Crawford",2015,1.21481,-3.45015,-2.23534,0.572125,NULL,NULL
637,"Jamal Crawford",2016,0.452706,-2.58227,-2.12956,0.738635,NULL,NULL
638,"Jamal Crawford",2017,-0.83785,-2.3277,-3.16555,-0.43071,NULL,NULL
639,"Jamal Crawford",2018,0.676893,-4.85584,-4.17895,-1.27836,NULL,NULL
640,"Jamal Crawford",2019,-1.0054,-5.81085,-6.81625,-2.52229,NULL,NULL
641,"Jordan Crawford",2014,0.359455,-2.05655,-1.69709,1.06147,NULL,NULL
642,"Jordan Crawford",2017,4.7577,-4.1779,0.579793,0.751918,NULL,NULL
643,"Jordan Crawford",2018,4.95166,-7.12874,-2.17708,0.026211,NULL,NULL
644,"Mitchell Creek",2019,4.76075,-3.97979,0.780963,0.0841073,NULL,NULL
645,"Jae Crowder",2014,0.0526219,3.0829,3.13552,4.0261,NULL,NULL
646,"Jae Crowder",2015,1.77291,0.279021,2.05194,4.30798,NULL,NULL
647,"Jae Crowder",2016,0.72514,0.429042,1.15418,5.03444,NULL,NULL
648,"Jae Crowder",2017,1.61665,0.797311,2.41396,7.80425,NULL,NULL
649,"Jae Crowder",2018,-1.82124,-0.332122,-2.15336,0.729573,NULL,NULL
650,"Jae Crowder",2019,-0.149938,0.611936,0.461997,3.78576,NULL,NULL
651,"Dante Cunningham",2014,-1.52163,0.210001,-1.31163,1.18283,NULL,NULL
652,"Dante Cunningham",2015,-2.30444,0.159936,-2.14451,0.522445,NULL,NULL
653,"Dante Cunningham",2016,-1.95741,-2.67746,-4.63486,-1.88468,NULL,NULL
654,"Dante Cunningham",2017,-1.37411,0.208169,-1.16594,1.32478,NULL,NULL
655,"Dante Cunningham",2018,-2.44991,-0.575965,-3.02587,-0.216847,NULL,NULL
656,"Dante Cunningham",2019,-2.1488,-2.01131,-4.16011,-0.657433,NULL,NULL
657,"Jared Cunningham",2014,-2.56349,6.46882,3.90532,0.272568,NULL,NULL
658,"Jared Cunningham",2015,-6.14226,1.7921,-4.35016,-0.0737685,NULL,NULL
659,"Jared Cunningham",2016,-4.2443,-0.334388,-4.57869,-0.363586,NULL,NULL
660,"Seth Curry",2014,-1.75529,21.3733,19.6181,0.148028,NULL,NULL
661,"Seth Curry",2015,-22.0814,-6.96607,-29.0475,-0.105657,NULL,NULL
662,"Seth Curry",2016,0.679318,-2.51511,-1.8358,0.322896,NULL,NULL
663,"Seth Curry",2017,1.14321,0.630862,1.77408,4.62925,NULL,NULL
664,"Seth Curry",2019,-0.375473,0.558132,0.18266,2.60218,NULL,NULL
665,"Stephen Curry",2014,7.75827,0.52274,8.28101,18.1429,NULL,NULL
666,"Stephen Curry",2015,8.60089,2.43737,11.0383,25.0899,NULL,NULL
667,"Stephen Curry",2016,10.3794,2.10845,12.4879,26.6669,NULL,NULL
668,"Stephen Curry",2017,9.30868,-0.0958772,9.21281,20.6533,NULL,NULL
669,"Stephen Curry",2018,8.05785,-0.500107,7.55774,11.8473,NULL,NULL
670,"Stephen Curry",2019,7.50948,0.277038,7.78652,17.5661,NULL,NULL
671,"Samuel Dalembert",2014,-1.90264,2.43658,0.533941,2.94608,NULL,NULL
672,"Samuel Dalembert",2015,-4.82966,3.56104,-1.26862,0.411882,NULL,NULL
673,"Troy Daniels",2014,4.90426,-1.67048,3.23378,0.445055,NULL,NULL
674,"Troy Daniels",2015,0.0136196,-2.12137,-2.10775,0.137238,NULL,NULL
675,"Troy Daniels",2016,-0.0506826,-2.67307,-2.72376,-0.00385656,NULL,NULL
676,"Troy Daniels",2017,1.26369,-1.08339,0.180298,1.8836,NULL,NULL
677,"Troy Daniels",2018,-0.516219,-3.88679,-4.40301,-1.36571,NULL,NULL
678,"Troy Daniels",2019,-0.986346,-1.52632,-2.51266,0.0921943,NULL,NULL
679,"Gigi Datome",2014,-3.06842,-1.1245,-4.19292,-0.175567,NULL,NULL
680,"Gigi Datome",2015,1.04914,-0.898851,0.150289,0.346,NULL,NULL
681,"Brandon Davies",2014,-3.38314,0.727918,-2.65522,0.0279642,NULL,NULL
682,"Brandon Davies",2015,-1.7802,-2.41808,-4.19828,-0.321261,NULL,NULL
683,"Anthony Davis",2014,1.21011,2.28434,3.49445,7.51707,NULL,NULL
684,"Anthony Davis",2015,3.84086,4.70821,8.54906,15.163,NULL,NULL
685,"Anthony Davis",2016,0.307322,2.28061,2.58793,5.92551,NULL,NULL
686,"Anthony Davis",2017,0.581632,4.44918,5.03081,10.8084,NULL,NULL
687,"Anthony Davis",2018,1.25973,4.00413,5.26386,12.8123,NULL,NULL
688,"Anthony Davis",2019,4.10512,3.27508,7.38021,9.60962,NULL,NULL
689,"Deyonta Davis",2017,-3.94873,2.3182,-1.63054,0.141474,NULL,NULL
690,"Deyonta Davis",2018,-1.06514,-3.12163,-4.18677,-0.689935,NULL,NULL
691,"Deyonta Davis",2019,-4.03943,3.09979,-0.939647,0.108583,NULL,NULL
692,"Ed Davis",2014,-1.3028,2.07585,0.773048,1.75574,NULL,NULL
693,"Ed Davis",2015,1.20763,0.369505,1.57714,4.02198,NULL,NULL
694,"Ed Davis",2016,0.670489,1.24949,1.91997,4.45792,NULL,NULL
695,"Ed Davis",2017,-2.66159,-2.97764,-5.63923,-1.16154,NULL,NULL
696,"Ed Davis",2018,-0.551629,1.30178,0.750147,2.71532,NULL,NULL
697,"Ed Davis",2019,-0.747163,1.46913,0.721966,2.61682,NULL,NULL
698,"Glen Davis",2014,-3.15734,0.325586,-2.83175,-0.0464848,NULL,NULL
699,"Glen Davis",2015,-5.59179,1.3084,-4.28339,-0.822671,NULL,NULL
700,"Tyler Davis",2019,-40.8259,61.1139,20.288,0.0114225,NULL,NULL
701,"Andre Dawkins",2015,-11.8304,-0.108561,-11.9389,-0.102565,NULL,NULL
702,"Branden Dawson",2016,-3.29939,-17.0326,-20.332,-0.257225,NULL,NULL
703,"Austin Daye",2014,-0.0953225,-2.63963,-2.73496,-0.0023018,NULL,NULL
704,"Austin Daye",2015,-4.28702,-0.568581,-4.8556,-0.371789,NULL,NULL
705,"Nando De Colo",2014,0.156263,-2.22856,-2.0723,0.171826,NULL,NULL
706,"Dewayne Dedmon",2014,-2.31213,1.18975,-1.12238,0.337036,NULL,NULL
707,"Dewayne Dedmon",2015,-3.24115,1.67629,-1.56486,0.511316,NULL,NULL
708,"Dewayne Dedmon",2016,-1.02445,1.0898,0.065341,1.01586,NULL,NULL
709,"Dewayne Dedmon",2017,-1.69317,3.76352,2.07035,3.50894,NULL,NULL
710,"Dewayne Dedmon",2018,-1.52296,1.11103,-0.411931,1.8403,NULL,NULL
711,"Dewayne Dedmon",2019,-0.89166,1.14698,0.255322,2.4662,NULL,NULL
712,"Bryce Dejean-Jones",2016,-2.85757,-0.712378,-3.56995,-0.116591,NULL,NULL
713,"Sam Dekker",2016,-6.40152,6.5782,0.176676,0.00906648,NULL,NULL
714,"Sam Dekker",2017,-0.508394,0.00944587,-0.498948,1.65824,NULL,NULL
715,"Sam Dekker",2018,-1.82665,0.892909,-0.933743,0.814567,NULL,NULL
716,"Sam Dekker",2019,-1.33991,-1.843,-3.1829,-0.174591,NULL,NULL
717,"Malcolm Delaney",2017,-3.26312,0.21979,-3.04333,-0.203926,NULL,NULL
718,"Malcolm Delaney",2018,-1.45212,0.17004,-1.28208,0.75937,NULL,NULL
719,"Angel Delgado",2019,-8.74358,10.3619,1.61831,0.0333249,NULL,NULL
720,"Matthew Dellavedova",2014,0.940748,0.570563,1.51131,2.77017,NULL,NULL
721,"Matthew Dellavedova",2015,-0.814092,-0.664828,-1.47892,1.24729,NULL,NULL
722,"Matthew Dellavedova",2016,0.384791,0.416742,0.801534,3.79037,NULL,NULL
723,"Matthew Dellavedova",2017,-1.24373,-1.75158,-2.99532,-0.255297,NULL,NULL
724,"Matthew Dellavedova",2018,-1.5029,-3.11132,-4.61422,-0.746147,NULL,NULL
725,"Matthew Dellavedova",2019,0.116099,-0.685849,-0.56975,0.897827,NULL,NULL
726,"Luol Deng",2014,0.289139,0.599843,0.888982,4.11045,NULL,NULL
727,"Luol Deng",2015,1.7578,-0.0604332,1.69737,5.48997,NULL,NULL
728,"Luol Deng",2016,0.304967,0.869593,1.17456,5.92826,NULL,NULL
729,"Luol Deng",2017,-1.80358,0.659722,-1.14386,1.21291,NULL,NULL
730,"Luol Deng",2018,-9.78312,15.4582,5.67512,0.0557582,NULL,NULL
731,"Luol Deng",2019,2.1918,0.881437,3.07323,1.15962,NULL,NULL
732,"DeMar DeRozan",2014,1.86103,-1.5931,0.267929,5.01613,NULL,NULL
733,"DeMar DeRozan",2015,0.132974,-1.50587,-1.3729,1.58406,NULL,NULL
734,"DeMar DeRozan",2016,1.82974,-3.14357,-1.31383,2.52323,NULL,NULL
735,"DeMar DeRozan",2017,2.10177,-1.92143,0.180348,4.45553,NULL,NULL
736,"DeMar DeRozan",2018,3.43664,-2.12978,1.30685,6.30507,NULL,NULL
737,"DeMar DeRozan",2019,1.26301,-1.08438,0.178626,4.37006,NULL,NULL
738,"Marcus Derrickson",2019,5.44688,0.882155,6.32904,0.312244,NULL,NULL
739,"Cheick Diallo",2017,-2.88186,-4.03827,-6.92013,-0.422398,NULL,NULL
740,"Cheick Diallo",2018,-2.27475,-3.10183,-5.37658,-0.841587,NULL,NULL
741,"Cheick Diallo",2019,-1.8694,-0.468058,-2.33746,0.189074,NULL,NULL
742,"Hamidou Diallo",2019,-2.00564,-1.62241,-3.62805,-0.236464,NULL,NULL
743,"Boris Diaw",2014,1.05456,0.37996,1.43452,5.57283,NULL,NULL
744,"Boris Diaw",2015,-0.459657,-0.875996,-1.33565,1.57331,NULL,NULL
745,"Boris Diaw",2016,-0.0958517,0.423651,0.327799,2.43858,NULL,NULL
746,"Boris Diaw",2017,-2.58741,-0.0619594,-2.64937,0.0893892,NULL,NULL
747,"Gorgui Dieng",2014,-3.52787,0.359879,-3.16799,-0.173777,NULL,NULL
748,"Gorgui Dieng",2015,-1.23686,-0.672575,-1.90944,0.938811,NULL,NULL
749,"Gorgui Dieng",2016,-0.72462,0.408886,-0.315734,2.7431,NULL,NULL
750,"Gorgui Dieng",2017,-0.796802,1.55455,0.757752,4.69193,NULL,NULL
751,"Gorgui Dieng",2018,-2.97641,-1.3229,-4.29931,-1.10241,NULL,NULL
752,"Gorgui Dieng",2019,-1.32182,0.682027,-0.63979,1.11051,NULL,NULL
753,"Spencer Dinwiddie",2015,-1.9824,-0.73766,-2.72006,0.00686704,NULL,NULL
754,"Spencer Dinwiddie",2016,-4.25357,-1.74859,-6.00217,-0.264913,NULL,NULL
755,"Spencer Dinwiddie",2017,0.744401,-0.717105,0.0272962,1.87656,NULL,NULL
756,"Spencer Dinwiddie",2018,3.24651,-0.738931,2.50758,6.07396,NULL,NULL
757,"Spencer Dinwiddie",2019,1.87726,-0.762442,1.11482,4.0167,NULL,NULL
758,"Donte DiVincenzo",2019,-1.5067,3.29777,1.79107,0.95661,NULL,NULL
759,"Luka Doncic",2019,3.09599,-0.869823,2.22617,5.93936,NULL,NULL
760,"Joey Dorsey",2015,-2.94677,0.666182,-2.28059,0.218981,NULL,NULL
761,"Tyler Dorsey",2018,-0.725697,-2.04915,-2.77485,-0.0123399,NULL,NULL
762,"Tyler Dorsey",2019,-0.600858,-3.21126,-3.81212,-0.368539,NULL,NULL
763,"Damyean Dotson",2018,-1.52918,1.60239,0.0732148,0.683306,NULL,NULL
764,"Damyean Dotson",2019,-1.15278,-1.21491,-2.36769,0.38937,NULL,NULL
765,"Chris Douglas-Roberts",2014,0.0315131,-0.925495,-0.893982,1.01999,NULL,NULL
766,"Chris Douglas-Roberts",2015,-3.47165,-7.47222,-10.9439,-0.427869,NULL,NULL
767,"Toney Douglas",2014,-0.75168,-1.9268,-2.67848,0.122935,NULL,NULL
768,"Toney Douglas",2015,-1.20986,2.955,1.74514,0.404273,NULL,NULL
769,"Toney Douglas",2016,0.943732,-2.07559,-1.13186,1.04345,NULL,NULL
770,"Toney Douglas",2017,-2.04415,-0.787143,-2.8313,-0.0161916,NULL,NULL
771,"Milton Doyle",2018,-4.46422,-2.07106,-6.53528,-0.239758,NULL,NULL
772,"PJ Dozier",2018,-27.2093,19.2941,-7.91516,-0.00794028,NULL,NULL
773,"PJ Dozier",2019,3.13053,0.0173086,3.14784,0.152473,NULL,NULL
774,"Goran Dragic",2014,4.82605,0.191102,5.01716,10.5506,NULL,NULL
775,"Goran Dragic",2015,1.91569,-1.59634,0.319354,4.17857,NULL,NULL
776,"Goran Dragic",2016,0.76684,0.839999,1.60684,6.29806,NULL,NULL
777,"Goran Dragic",2017,2.51888,-1.83017,0.688705,4.30586,NULL,NULL
778,"Goran Dragic",2018,1.36087,-0.154822,1.20604,5.11966,NULL,NULL
779,"Goran Dragic",2019,1.20535,-1.12252,0.0828208,1.44087,NULL,NULL
780,"Zoran Dragic",2015,-4.0154,-7.68344,-11.6988,-0.345806,NULL,NULL
781,"Larry Drew II",2015,-5.60088,-1.56156,-7.16243,-0.495774,NULL,NULL
782,"Larry Drew II",2018,-4.80506,-2.08289,-6.88795,-0.157921,NULL,NULL
783,"Andre Drummond",2014,1.32148,0.220975,1.54245,5.72519,NULL,NULL
784,"Andre Drummond",2015,-0.76699,0.419342,-0.347647,3.06269,NULL,NULL
785,"Andre Drummond",2016,-0.891007,1.65779,0.766782,5.04642,NULL,NULL
786,"Andre Drummond",2017,-2.51336,0.132459,-2.3809,0.452614,NULL,NULL
787,"Andre Drummond",2018,-0.635247,0.721446,0.0861997,3.83164,NULL,NULL
788,"Andre Drummond",2019,0.702011,2.82214,3.52415,8.88157,NULL,NULL
789,"Jared Dudley",2014,-0.625114,0.0798298,-0.545284,1.99333,NULL,NULL
790,"Jared Dudley",2015,0.224313,2.17056,2.39487,4.82804,NULL,NULL
791,"Jared Dudley",2016,1.26037,0.874117,2.13448,5.23364,NULL,NULL
792,"Jared Dudley",2017,-0.830404,2.31857,1.48817,2.96285,NULL,NULL
793,"Jared Dudley",2018,-0.193369,-1.13319,-1.32656,0.498979,NULL,NULL
794,"Jared Dudley",2019,-0.584993,2.60537,2.02038,3.1557,NULL,NULL
795,"Duje Dukan",2016,-7.43012,-3.15565,-10.5858,-0.0943967,NULL,NULL
796,"Tim Duncan",2014,-0.492346,2.74757,2.25522,7.48908,NULL,NULL
797,"Tim Duncan",2015,0.356223,3.39978,3.756,8.21544,NULL,NULL
798,"Tim Duncan",2016,-0.46784,5.24056,4.77272,6.74755,NULL,NULL
799,"Mike Dunleavy",2014,0.433376,-0.0873171,0.346059,4.34896,NULL,NULL
800,"Mike Dunleavy",2015,1.40585,-0.278623,1.12723,4.47753,NULL,NULL
801,"Mike Dunleavy",2016,-0.781353,-4.0691,-4.85045,-0.757183,NULL,NULL
802,"Mike Dunleavy",2017,-1.9537,0.0275806,-1.92612,0.383565,NULL,NULL
803,"Kris Dunn",2017,-3.31251,0.0240349,-3.28848,-0.364594,NULL,NULL
804,"Kris Dunn",2018,-1.65281,0.457959,-1.19485,1.22485,NULL,NULL
805,"Kris Dunn",2019,-1.08538,-0.671562,-1.75695,0.702423,NULL,NULL
806,"Kevin Durant",2014,7.1268,-0.344672,6.78212,19.6723,NULL,NULL
807,"Kevin Durant",2015,6.59161,1.34474,7.93635,5.05434,NULL,NULL
808,"Kevin Durant",2016,5.48677,-0.0389406,5.44783,14.0972,NULL,NULL
809,"Kevin Durant",2017,5.9326,1.14046,7.07306,13.2864,NULL,NULL
810,"Kevin Durant",2018,5.89718,-0.73724,5.15994,12.9612,NULL,NULL
811,"Kevin Durant",2019,5.22035,-0.15645,5.0639,12.7603,NULL,NULL
812,"Trevon Duval",2019,10.9878,-4.82894,6.15881,0.0264143,NULL,NULL
813,"Cleanthony Early",2015,-4.71931,-0.240197,-4.95951,-0.734166,NULL,NULL
814,"Cleanthony Early",2016,-4.66784,-0.754794,-5.42263,-0.210253,NULL,NULL
815,"Jarell Eddie",2016,-1.83792,-1.87528,-3.71319,-0.0719518,NULL,NULL
816,"Jarell Eddie",2017,-1.20156,-0.794041,-1.99561,0.0240698,NULL,NULL
817,"Jarell Eddie",2018,-6.96373,9.36219,2.39846,0.0218119,NULL,NULL
818,"Shane Edwards",2014,-12.3453,3.77059,-8.57476,-0.0354435,NULL,NULL
819,"Vincent Edwards",2019,-2.09137,-2.28329,-4.37466,-0.0130866,NULL,NULL
820,"Henry Ellenson",2017,-4.72828,-1.92089,-6.64917,-0.294611,NULL,NULL
821,"Henry Ellenson",2018,-4.51945,-1.78331,-6.30277,-0.598677,NULL,NULL
822,"Henry Ellenson",2019,-0.783993,-3.23711,-4.02111,-0.164044,NULL,NULL
823,"Wayne Ellington",2014,0.813751,-2.55465,-1.7409,0.217428,NULL,NULL
824,"Wayne Ellington",2015,0.335072,-0.502377,-0.167306,2.1897,NULL,NULL
825,"Wayne Ellington",2016,-1.85914,-0.857162,-2.7163,0.0277011,NULL,NULL
826,"Wayne Ellington",2017,1.66105,-0.492914,1.16814,2.98023,NULL,NULL
827,"Wayne Ellington",2018,1.23868,-2.22863,-0.98995,1.93103,NULL,NULL
828,"Wayne Ellington",2019,-0.233007,-0.414818,-0.647825,1.55311,NULL,NULL
829,"Monta Ellis",2014,0.821124,-0.85744,-0.036316,4.55413,NULL,NULL
830,"Monta Ellis",2015,1.06035,0.498029,1.55838,6.47789,NULL,NULL
831,"Monta Ellis",2016,-0.462283,0.060509,-0.401774,3.52888,NULL,NULL
832,"Monta Ellis",2017,-1.52555,-0.536874,-2.06242,0.727304,NULL,NULL
833,"Melvin Ely",2014,-0.223521,-7.53953,-7.76305,-0.0675888,NULL,NULL
834,"Joel Embiid",2017,-1.50196,5.60023,4.09827,2.79234,NULL,NULL
835,"Joel Embiid",2018,0.384852,3.94148,4.32633,8.01278,NULL,NULL
836,"Joel Embiid",2019,2.68668,4.84082,7.5275,13.3061,NULL,NULL
837,"James Ennis III",2015,-0.0894931,-1.18684,-1.27633,0.787466,NULL,NULL
838,"James Ennis III",2016,0.419239,-1.81297,-1.39373,0.228934,NULL,NULL
839,"James Ennis III",2017,-1.71299,0.305281,-1.4077,1.06524,NULL,NULL
840,"James Ennis III",2018,-1.22445,0.869656,-0.354794,1.95796,NULL,NULL
841,"James Ennis III",2019,-1.32643,-1.9441,-3.27053,-0.370636,NULL,NULL
842,"Tyler Ennis",2015,-3.41403,-1.26928,-4.68331,-0.432883,NULL,NULL
843,"Tyler Ennis",2016,-1.90301,-1.08744,-2.99045,-0.079899,NULL,NULL
844,"Tyler Ennis",2017,-0.301269,2.07622,1.77495,1.34566,NULL,NULL
845,"Tyler Ennis",2018,-1.12955,0.519532,-0.610021,0.743965,NULL,NULL
846,"Drew Eubanks",2019,-3.87194,-0.835079,-4.70702,-0.112343,NULL,NULL
847,"Jawun Evans",2018,-3.03827,1.46403,-1.57424,0.469441,NULL,NULL
848,"Jawun Evans",2019,-7.7825,0.760088,-7.02241,-0.142374,NULL,NULL
849,"Jacob Evans",2019,-5.15032,-2.35121,-7.50153,-0.538607,NULL,NULL
850,"Jeremy Evans",2014,0.198625,1.11077,1.3094,2.48885,NULL,NULL
851,"Jeremy Evans",2015,2.14302,2.84671,4.98973,1.03826,NULL,NULL
852,"Jeremy Evans",2016,-3.45365,0.91452,-2.53913,0.0270471,NULL,NULL
853,"Jeremy Evans",2018,-3.02278,-24.9335,-27.9563,-0.0681824,NULL,NULL
854,"Reggie Evans",2014,-3.6259,0.382771,-3.24313,-0.234426,NULL,NULL
855,"Reggie Evans",2015,-1.64358,-0.91931,-2.56289,0.0726202,NULL,NULL
856,"Tyreke Evans",2014,1.24272,-0.816478,0.426243,3.26594,NULL,NULL
857,"Tyreke Evans",2015,2.41994,-1.58192,0.838023,5.12146,NULL,NULL
858,"Tyreke Evans",2016,1.93731,-0.478769,1.45854,1.63141,NULL,NULL
859,"Tyreke Evans",2017,-0.274096,-0.899457,-1.17355,0.630648,NULL,NULL
860,"Tyreke Evans",2018,4.44545,-0.57301,3.87244,5.39114,NULL,NULL
861,"Tyreke Evans",2019,-0.581373,0.364619,-0.216754,1.93304,NULL,NULL
862,"Dante Exum",2015,-2.84491,-0.761782,-3.60669,-0.786954,NULL,NULL
863,"Dante Exum",2017,-1.88844,0.842548,-1.04589,1.13829,NULL,NULL
864,"Dante Exum",2018,0.132494,0.979532,1.11203,0.696631,NULL,NULL
865,"Dante Exum",2019,-0.71055,-0.0138931,-0.724443,0.685518,NULL,NULL
866,"Festus Ezeli",2015,-2.96607,0.265416,-2.70066,0.0290572,NULL,NULL
867,"Festus Ezeli",2016,-2.2699,2.34977,0.0798704,1.39956,NULL,NULL
868,"Kenneth Faried",2014,1.23565,-2.42806,-1.19241,1.74079,NULL,NULL
869,"Kenneth Faried",2015,0.644092,-0.131802,0.51229,3.48188,NULL,NULL
870,"Kenneth Faried",2016,0.935622,-2.59819,-1.66257,0.939224,NULL,NULL
871,"Kenneth Faried",2017,1.06253,-0.416018,0.646514,2.24769,NULL,NULL
872,"Kenneth Faried",2018,-1.30338,-2.08574,-3.38912,-0.14995,NULL,NULL
873,"Kenneth Faried",2019,0.390435,0.00784697,0.398282,1.2685,NULL,NULL
874,"Jordan Farmar",2014,0.4151,-0.534758,-0.119658,1.23569,NULL,NULL
875,"Jordan Farmar",2015,-2.06988,0.227727,-1.84215,0.245683,NULL,NULL
876,"Jordan Farmar",2016,0.290077,-0.162149,0.127928,0.59315,NULL,NULL
877,"Jordan Farmar",2017,1.76251,-4.16991,-2.4074,0.00608556,NULL,NULL
878,"Vitor Faverani",2014,-5.51054,1.38994,-4.1206,-0.342237,NULL,NULL
879,"Derrick Favors",2014,-0.956477,0.438346,-0.518131,2.49784,NULL,NULL
880,"Derrick Favors",2015,0.106759,2.14691,2.25367,5.78272,NULL,NULL
881,"Derrick Favors",2016,0.594608,3.10743,3.70204,6.48101,NULL,NULL
882,"Derrick Favors",2017,-2.84141,0.297712,-2.5437,0.14904,NULL,NULL
883,"Derrick Favors",2018,0.0779469,1.80489,1.88284,5.74599,NULL,NULL
884,"Derrick Favors",2019,0.0423243,3.82236,3.86468,6.35784,NULL,NULL
885,"Kay Felder",2017,-4.87668,-1.00061,-5.87729,-0.61268,NULL,NULL
886,"Kay Felder",2018,-7.9702,1.93641,-6.03379,-0.237507,NULL,NULL
887,"Cristiano Felicio",2016,-0.889415,3.69431,2.80489,0.902953,NULL,NULL
888,"Cristiano Felicio",2017,-1.24997,0.232495,-1.01748,0.97308,NULL,NULL
889,"Cristiano Felicio",2018,-5.50574,-3.50091,-9.00665,-3.10447,NULL,NULL
890,"Cristiano Felicio",2019,-2.40812,-3.88614,-6.29426,-1.34233,NULL,NULL
891,"Carrick Felix",2014,-2.50444,1.09223,-1.41221,0.0265253,NULL,NULL
892,"Raymond Felton",2014,0.0277538,-0.556638,-0.528884,2.2677,NULL,NULL
893,"Raymond Felton",2015,-0.845161,1.42036,0.575202,0.538925,NULL,NULL
894,"Raymond Felton",2016,-0.387995,-0.249323,-0.637318,2.56586,NULL,NULL
895,"Raymond Felton",2017,-2.23546,0.183885,-2.05158,0.674171,NULL,NULL
896,"Raymond Felton",2018,-1.13679,-0.436686,-1.57348,0.850889,NULL,NULL
897,"Raymond Felton",2019,-2.39365,2.23097,-0.162683,0.589023,NULL,NULL
898,"Terrance Ferguson",2018,-1.94181,-2.56483,-4.50664,-0.680013,NULL,NULL
899,"Terrance Ferguson",2019,-1.56247,-1.5796,-3.14207,-0.420975,NULL,NULL
900,"Yogi Ferrell",2017,-0.818341,-1.92223,-2.74057,0.0417395,NULL,NULL
901,"Yogi Ferrell",2018,-0.627184,1.20773,0.580543,3.84434,NULL,NULL
902,"Yogi Ferrell",2019,0.819233,-0.0552869,0.763946,1.89404,NULL,NULL
903,"Landry Fields",2014,-2.39649,1.87785,-0.518637,0.389337,NULL,NULL
904,"Landry Fields",2015,-2.83771,-2.71066,-5.54838,-0.307899,NULL,NULL
905,"Dorian Finney-Smith",2017,-2.56909,0.787089,-1.782,0.803268,NULL,NULL
906,"Dorian Finney-Smith",2018,-3.10907,1.36747,-1.7416,0.230272,NULL,NULL
907,"Dorian Finney-Smith",2019,-2.077,1.67818,-0.39883,2.37624,NULL,NULL
908,"Derek Fisher",2014,-0.12109,1.42301,1.30192,3.55572,NULL,NULL
909,"Bryn Forbes",2017,-3.99679,-5.14667,-9.14346,-1.16502,NULL,NULL
910,"Bryn Forbes",2018,-0.952155,-1.25715,-2.20931,0.426983,NULL,NULL
911,"Bryn Forbes",2019,0.326588,-2.2099,-1.88331,1.12305,NULL,NULL
912,"Evan Fournier",2014,-1.42945,-0.754466,-2.18391,0.437912,NULL,NULL
913,"Evan Fournier",2015,0.167933,-1.54719,-1.37926,1.16007,NULL,NULL
914,"Evan Fournier",2016,1.67473,-1.90197,-0.227239,3.2989,NULL,NULL
915,"Evan Fournier",2017,0.24604,-0.408449,-0.16241,2.95853,NULL,NULL
916,"Evan Fournier",2018,1.82924,-2.08183,-0.252592,2.36319,NULL,NULL
917,"Evan Fournier",2019,0.390855,-0.58652,-0.195665,3.53102,NULL,NULL
918,"De'Aaron Fox",2018,-2.363,-1.98435,-4.34734,-1.66632,NULL,NULL
919,"De'Aaron Fox",2019,1.85091,-0.111283,1.73963,5.95154,NULL,NULL
920,"Randy Foye",2014,2.07002,-1.38127,0.688746,4.41891,NULL,NULL
921,"Randy Foye",2015,-0.312534,-2.92216,-3.23469,-0.270974,NULL,NULL
922,"Randy Foye",2016,-1.77429,-0.0335831,-1.80788,0.866078,NULL,NULL
923,"Randy Foye",2017,-2.68915,-1.68628,-4.37543,-1.07072,NULL,NULL
924,"Jamaal Franklin",2014,-2.49239,-1.38818,-3.88056,-0.0928294,NULL,NULL
925,"Jamaal Franklin",2015,-2.75093,-17.2506,-20.0015,-0.11956,NULL,NULL
926,"Melvin Frazier Jr.",2019,-7.05721,2.45969,-4.59752,-0.057349,NULL,NULL
927,"Tim Frazier",2015,-3.88021,-0.319669,-4.19988,-0.167207,NULL,NULL
928,"Tim Frazier",2016,-0.866848,-0.176111,-1.04296,0.617826,NULL,NULL
929,"Tim Frazier",2017,-0.546526,-1.30308,-1.84961,0.698631,NULL,NULL
930,"Tim Frazier",2018,-1.22114,0.909382,-0.311757,1.04267,NULL,NULL
931,"Tim Frazier",2019,-0.11443,-2.31574,-2.43017,0.211835,NULL,NULL
932,"Jimmer Fredette",2014,2.67702,-1.69489,0.982125,0.986344,NULL,NULL
933,"Jimmer Fredette",2015,-0.736971,-3.04779,-3.78476,-0.26949,NULL,NULL
934,"Jimmer Fredette",2016,-14.3309,-6.71531,-21.0462,-0.169636,NULL,NULL
935,"Jimmer Fredette",2019,-10.3765,-6.89738,-17.2739,-0.477014,NULL,NULL
936,"Joel Freeland",2014,-2.01122,-0.0135079,-2.02472,0.264041,NULL,NULL
937,"Joel Freeland",2015,-2.00831,2.94007,0.931767,1.17033,NULL,NULL
938,"Channing Frye",2014,1.96637,0.440067,2.40644,6.07229,NULL,NULL
939,"Channing Frye",2015,-1.0399,-1.21263,-2.25253,0.475323,NULL,NULL
940,"Channing Frye",2016,1.41352,0.929497,2.34301,3.79117,NULL,NULL
941,"Channing Frye",2017,0.874803,0.895189,1.76999,3.58902,NULL,NULL
942,"Channing Frye",2018,0.667028,-0.255204,0.411824,1.11976,NULL,NULL
943,"Channing Frye",2019,-3.53337,-7.89117,-11.4245,-1.50499,NULL,NULL
944,"Markelle Fultz",2018,-2.71969,2.22945,-0.490239,0.319202,NULL,NULL
945,"Markelle Fultz",2019,-3.00506,-0.205591,-3.21065,-0.099638,NULL,NULL
946,"Danilo Gallinari",2015,2.76561,0.244971,3.01059,4.21103,NULL,NULL
947,"Danilo Gallinari",2016,3.00287,-0.935688,2.06718,4.51037,NULL,NULL
948,"Danilo Gallinari",2017,2.63764,-0.510733,2.1269,5.30811,NULL,NULL
949,"Danilo Gallinari",2018,0.427797,2.50597,2.93376,1.94186,NULL,NULL
950,"Danilo Gallinari",2019,4.30574,0.069195,4.37494,8.19591,NULL,NULL
951,"Langston Galloway",2015,-0.66201,1.3488,0.686791,2.54413,NULL,NULL
952,"Langston Galloway",2016,-0.771734,1.46202,0.690281,3.55267,NULL,NULL
953,"Langston Galloway",2017,-0.770914,-0.0693099,-0.840224,1.45178,NULL,NULL
954,"Langston Galloway",2018,-0.397325,2.8818,2.48448,2.29679,NULL,NULL
955,"Langston Galloway",2019,-0.0676793,-0.824321,-0.892001,1.75611,NULL,NULL
956,"Francisco Garcia",2014,-0.42357,-1.42294,-1.84651,0.511233,NULL,NULL
957,"Francisco Garcia",2015,-3.79389,-1.82792,-5.62181,-0.292935,NULL,NULL
958,"Patricio Garino",2017,-11.0378,-10.6343,-21.6721,-0.418481,NULL,NULL
959,"Kevin Garnett",2014,-3.66323,2.99014,-0.673086,1.44223,NULL,NULL
960,"Kevin Garnett",2015,-1.51057,2.80757,1.297,1.94399,NULL,NULL
961,"Kevin Garnett",2016,-1.6661,4.97417,3.30808,1.70336,NULL,NULL
962,"Billy Garrett",2019,-5.95089,-5.71437,-11.6653,-0.283598,NULL,NULL
963,"Diante Garrett",2014,-3.9985,-1.08432,-5.08282,-1.23509,NULL,NULL
964,"Marc Gasol",2014,-1.02674,3.00167,1.97493,5.44841,NULL,NULL
965,"Marc Gasol",2015,1.35747,2.95183,4.3093,11.1816,NULL,NULL
966,"Marc Gasol",2016,-1.5312,2.56949,1.03829,3.42399,NULL,NULL
967,"Marc Gasol",2017,1.00807,1.36116,2.36923,7.22441,NULL,NULL
968,"Marc Gasol",2018,-1.32233,1.72539,0.403062,3.86073,NULL,NULL
969,"Marc Gasol",2019,-0.801288,3.62453,2.82325,8.99406,NULL,NULL
970,"Pau Gasol",2014,-1.65513,-0.785461,-2.44059,0.299499,NULL,NULL
971,"Pau Gasol",2015,0.265111,0.789219,1.05433,5.9003,NULL,NULL
972,"Pau Gasol",2016,0.675638,2.39001,3.06564,6.84304,NULL,NULL
973,"Pau Gasol",2017,1.35888,1.57041,2.9293,5.7951,NULL,NULL
974,"Pau Gasol",2018,-0.941152,0.859778,-0.081374,2.60387,NULL,NULL
975,"Pau Gasol",2019,-2.5129,-0.629996,-3.14289,-0.0685195,NULL,NULL
976,"Rudy Gay",2014,1.07174,-0.473218,0.598517,4.31968,NULL,NULL
977,"Rudy Gay",2015,3.54163,-1.11639,2.42525,6.40903,NULL,NULL
978,"Rudy Gay",2016,-0.294371,-0.164942,-0.459313,2.7929,NULL,NULL
979,"Rudy Gay",2017,1.11337,2.60535,3.71872,3.36865,NULL,NULL
980,"Rudy Gay",2018,0.733647,1.31954,2.05319,3.40775,NULL,NULL
981,"Rudy Gay",2019,1.00921,1.1953,2.20451,5.08369,NULL,NULL
982,"Michael Gbinije",2017,-5.81474,-2.15655,-7.97129,-0.0840706,NULL,NULL
983,"Alonzo Gee",2014,-3.30085,-2.11101,-5.41186,-1.39088,NULL,NULL
984,"Alonzo Gee",2015,-2.18544,-0.385179,-2.57062,0.0587725,NULL,NULL
985,"Alonzo Gee",2016,-3.06393,1.11484,-1.94909,0.66734,NULL,NULL
986,"Alonzo Gee",2017,-4.9725,4.10494,-0.867564,0.0858397,NULL,NULL
987,"Marcus Georges-Hunt",2017,-3.71368,-7.88091,-11.5946,-0.217833,NULL,NULL
988,"Marcus Georges-Hunt",2018,-1.89954,-1.59048,-3.49001,-0.0763861,NULL,NULL
989,"Paul George",2014,2.96986,3.03329,6.00315,16.7097,NULL,NULL
990,"Paul George",2015,0.74423,5.57798,6.32221,0.428209,NULL,NULL
991,"Paul George",2016,3.54277,2.61353,6.15629,14.6254,NULL,NULL
992,"Paul George",2017,2.41051,0.175251,2.58576,7.85068,NULL,NULL
993,"Paul George",2018,1.72365,1.54205,3.2657,9.80655,NULL,NULL
994,"Paul George",2019,5.33364,4.20632,9.53996,19.4188,NULL,NULL
995,"Jonathan Gibson",2017,-4.93944,-4.92629,-9.86573,-0.843868,NULL,NULL
996,"Jonathan Gibson",2018,6.36381,-5.58044,0.783366,0.0732526,NULL,NULL
997,"Taj Gibson",2014,-1.03872,1.20432,0.165604,3.77427,NULL,NULL
998,"Taj Gibson",2015,-1.51776,0.222438,-1.29532,1.41668,NULL,NULL
999,"Taj Gibson",2016,-0.659994,0.196924,-0.463071,2.23807,NULL,NULL
1000,"Taj Gibson",2017,-1.68049,0.748826,-0.931668,1.95535,NULL,NULL
